comment_id,sentiment_pred,sarcasm_pred,sentiment_proba_neg,sentiment_proba_neu,sentiment_proba_pos,sarcasm_proba_sarcastic,final_interpretation
ncwd5yg,LABEL_1,sarcastic,0.0015985362,0.99451846,0.003883045,0.9369509,neutral (sarcastic unclear)
ncwfqwp,LABEL_1,not sarcastic,0.0030767112,0.993582,0.0033412583,0.0011704264,neutral
ncwxipu,LABEL_1,not sarcastic,0.042729016,0.9476532,0.0096178735,0.0008150413,positive
ncwe5rw,LABEL_0,not sarcastic,0.90524817,0.083156995,0.011594775,0.0029227508,positive
ncwinvy,LABEL_1,not sarcastic,0.0016284625,0.9933269,0.005044681,0.0016420409,neutral
ncwk0j8,LABEL_1,not sarcastic,0.0024009242,0.99191976,0.00567936,0.0083272755,neutral
ncwmc8w,LABEL_1,not sarcastic,0.08070151,0.9026225,0.016675983,0.0015136313,negative
ncgo7t6,LABEL_1,sarcastic,0.0014343812,0.9946483,0.003917394,0.9345272,neutral (sarcastic unclear)
ncgpbku,LABEL_1,not sarcastic,0.002581583,0.9941327,0.0032857305,0.00087022356,neutral
ncgrgym,LABEL_1,not sarcastic,0.0016813613,0.9943698,0.0039488357,0.00078326295,neutral
ncgvzdb,LABEL_1,not sarcastic,0.0010474306,0.9963491,0.0026033528,0.00064501946,neutral
ncgpyq8,LABEL_1,not sarcastic,0.07546509,0.91667706,0.007857843,0.0013378973,neutral (sarcastic unclear)
ncgxk15,LABEL_1,not sarcastic,0.06301813,0.9264771,0.010504729,0.0010251118,neutral
nch6x1c,LABEL_1,not sarcastic,0.10791947,0.8419707,0.050109737,0.0012876678,positive
ncgrcbm,LABEL_1,not sarcastic,0.0016805253,0.9938526,0.004466902,0.0010168671,neutral
nc8lzjb,LABEL_1,sarcastic,0.002742789,0.8534857,0.14377145,0.98724246,neutral (sarcastic unclear)
nc8ndtx,LABEL_1,not sarcastic,0.0027195297,0.9909355,0.0063448963,0.007186031,neutral
nc8n74i,LABEL_1,not sarcastic,0.0032507433,0.9841441,0.012605101,0.0071694655,neutral
nc8mqp8,LABEL_1,not sarcastic,0.035333674,0.89452153,0.070144735,0.012778519,neutral
nc8mm3b,LABEL_1,not sarcastic,0.0035012197,0.9914112,0.0050875666,0.029983152,neutral
nc8mtp3,LABEL_1,not sarcastic,0.16871047,0.74649596,0.0847936,0.0024760196,neutral
nc8q95o,LABEL_0,not sarcastic,0.92340815,0.0694106,0.0071812295,0.0011153022,negative
nbdttjj,LABEL_1,sarcastic,0.0015228001,0.99437684,0.0041003963,0.95213336,neutral (sarcastic unclear)
nbdv6dn,LABEL_1,not sarcastic,0.003582587,0.98413867,0.012278742,0.018746264,neutral
nbdxbde,LABEL_0,not sarcastic,0.97194844,0.02253298,0.0055185934,0.0046663894,neutral
nbeufd0,LABEL_1,not sarcastic,0.0010965642,0.9957569,0.0031464393,0.0008856251,neutral
nbdvfl5,LABEL_1,not sarcastic,0.009052313,0.6574202,0.3335275,0.001593617,neutral
nbelqq4,LABEL_0,sarcastic,0.7006631,0.284325,0.015011971,0.9977944,neutral (sarcastic unclear)
nbbn3ve,LABEL_1,sarcastic,0.0015338473,0.9944332,0.004032914,0.9614362,neutral (sarcastic unclear)
nbbnoup,LABEL_1,not sarcastic,0.0023457306,0.9847991,0.012855272,0.001512113,neutral
nbbyobl,LABEL_1,not sarcastic,0.0028336598,0.9909039,0.006262421,0.0059799277,neutral
nbbxsnl,LABEL_1,not sarcastic,0.002713721,0.9912521,0.006034219,0.0065576634,neutral
nbdphve,LABEL_1,not sarcastic,0.001961288,0.9924629,0.005575889,0.00057008036,neutral
nbf01ry,LABEL_1,not sarcastic,0.02736759,0.9006148,0.0720177,0.019431492,neutral
nbfqaqd,LABEL_1,sarcastic,0.0025466762,0.99035746,0.0070958845,0.9924859,neutral (sarcastic unclear)
nc3s0z1,LABEL_1,not sarcastic,0.0035679527,0.98130083,0.015131274,0.0014354453,neutral
nalqgof,LABEL_1,sarcastic,0.0015417198,0.9944296,0.0040287897,0.9625041,neutral (sarcastic unclear)
nalrawf,LABEL_1,not sarcastic,0.0026664948,0.99119276,0.006140698,0.006117039,neutral
naltgp7,LABEL_1,not sarcastic,0.002740289,0.9913589,0.0059008426,0.007893852,neutral
nam1gyc,LABEL_1,not sarcastic,0.40518394,0.58172745,0.013088636,0.00060527044,neutral
nalwrp8,LABEL_1,sarcastic,0.0027760172,0.99379915,0.003424873,0.99876404,neutral (sarcastic unclear)
nalyugk,LABEL_1,not sarcastic,0.2799068,0.7071785,0.012914769,0.002052881,neutral
nalvcot,LABEL_1,not sarcastic,0.0019449375,0.9929172,0.005137812,0.039082214,neutral
nalycdw,LABEL_1,not sarcastic,0.003466922,0.9935168,0.0030163398,0.00055123016,neutral
nalzher,LABEL_0,not sarcastic,0.6836982,0.28136036,0.03494147,0.004178147,neutral
naiat9n,LABEL_1,sarcastic,0.0015537136,0.9944047,0.0040415884,0.97304386,neutral (sarcastic unclear)
naibxvp,LABEL_2,sarcastic,0.0011344629,0.0051644817,0.9937011,0.8157542,neutral (sarcastic unclear)
naiic7d,LABEL_2,not sarcastic,0.0010958258,0.010398999,0.9885052,0.0022156064,neutral
naib5vh,LABEL_1,not sarcastic,0.001170972,0.99469805,0.00413105,0.004823094,neutral
naib2mz,LABEL_1,not sarcastic,0.0029358796,0.9905552,0.0065089194,0.0064950357,neutral
naich8r,LABEL_2,not sarcastic,0.0018279381,0.24014486,0.7580272,0.011133195,neutral
naiecht,LABEL_1,not sarcastic,0.0029460813,0.98827726,0.008776575,0.0011683356,neutral
na326dz,LABEL_1,sarcastic,0.0015042576,0.9945135,0.003982309,0.92561114,neutral (sarcastic unclear)
na4by1y,LABEL_1,not sarcastic,0.0011782774,0.9958365,0.002985272,0.00096637034,neutral
na362c5,LABEL_1,not sarcastic,0.0028763753,0.7030644,0.29405925,0.0013329294,neutral
na4p29q,LABEL_1,not sarcastic,0.0015800963,0.99502534,0.0033945732,0.0008133856,neutral
na42go8,LABEL_1,not sarcastic,0.00086767034,0.99421,0.0049223443,0.0012350726,neutral
na39nyf,LABEL_1,not sarcastic,0.012382576,0.9392507,0.048366718,0.002575286,neutral
na2sn3a,LABEL_1,sarcastic,0.0015560348,0.9944013,0.0040427884,0.9517222,neutral (sarcastic unclear)
na30lmn,LABEL_1,not sarcastic,0.0010083896,0.989926,0.009065663,0.002413572,neutral
na2t4hs,LABEL_1,not sarcastic,0.030396737,0.8495519,0.120051354,0.0009898207,neutral
na2vwv7,LABEL_1,not sarcastic,0.0018545429,0.6888876,0.30925778,0.0018461576,neutral
na2xrjp,LABEL_2,sarcastic,0.010268318,0.2621972,0.7275345,0.9990765,neutral (sarcastic unclear)
na2umfm,LABEL_1,not sarcastic,0.016175237,0.77476364,0.20906113,0.0014339356,neutral
na35e77,LABEL_2,not sarcastic,0.002440839,0.375136,0.6224232,0.0020483718,neutral
na6sm36,LABEL_1,sarcastic,0.0016633087,0.99009997,0.008236784,0.99602246,neutral (sarcastic unclear)
n8kvex3,LABEL_1,sarcastic,0.0014979461,0.99454546,0.003956594,0.94669944,neutral (sarcastic unclear)
n8kwsnv,LABEL_0,sarcastic,0.51672584,0.4712648,0.01200935,0.98083913,neutral (sarcastic unclear)
n8kxbqn,LABEL_1,not sarcastic,0.0048272302,0.99223244,0.0029402322,0.0021175372,neutral
n8kz5nc,LABEL_1,not sarcastic,0.00263678,0.9913434,0.006019778,0.0055019637,neutral
n8kvwkz,LABEL_1,not sarcastic,0.22176765,0.72201234,0.056219973,0.00088414375,neutral (sarcastic unclear)
n8erwuj,LABEL_1,sarcastic,0.0015235337,0.99444616,0.004030221,0.9522058,neutral (sarcastic unclear)
n8ew8s0,LABEL_1,not sarcastic,0.0636106,0.90757287,0.028816525,0.0006770065,neutral
n8eti9e,LABEL_1,not sarcastic,0.0023177557,0.976428,0.021254323,0.0023098236,neutral
n8evopk,LABEL_2,sarcastic,0.0008981977,0.042442527,0.9566592,0.94327366,neutral (sarcastic unclear)
n8ffzvi,LABEL_1,not sarcastic,0.011019627,0.98068845,0.008291851,0.018912569,neutral
n8flpb7,LABEL_2,sarcastic,0.002407812,0.24144875,0.75614345,0.9990767,neutral (sarcastic unclear)
n88rzef,LABEL_1,sarcastic,0.001552053,0.9943656,0.0040824893,0.9768902,neutral (sarcastic unclear)
n88sjvg,LABEL_1,not sarcastic,0.0034340692,0.9841679,0.012398094,0.0017727036,neutral
n891bvi,LABEL_0,not sarcastic,0.98636395,0.009013074,0.0046230936,0.00091873,neutral
n89jla2,LABEL_1,not sarcastic,0.0029229643,0.9936586,0.0034184565,0.00062101154,neutral (sarcastic unclear)
n898cf5,LABEL_0,not sarcastic,0.8053333,0.16883399,0.025832763,0.0008260238,neutral
n88x9sv,LABEL_1,not sarcastic,0.0068256455,0.9527307,0.04044367,0.0027334562,neutral
n7okk7k,LABEL_1,sarcastic,0.0015547844,0.9944307,0.00401446,0.96084046,neutral (sarcastic unclear)
n7om6v8,LABEL_1,not sarcastic,0.00094985956,0.9958674,0.0031827523,0.0005021385,neutral
n7p0aqv,LABEL_1,not sarcastic,0.0020309489,0.99212235,0.0058467435,0.010059442,neutral
n7z272g,LABEL_2,not sarcastic,0.0015041223,0.042492803,0.9560031,0.0005953631,neutral (sarcastic unclear)
n7ou67r,LABEL_1,not sarcastic,0.00097207946,0.99439657,0.0046313726,0.0012902042,neutral
n80wzss,LABEL_1,not sarcastic,0.0022036505,0.99413884,0.0036575112,0.0006667232,neutral
n7mw0yd,LABEL_1,sarcastic,0.001526264,0.99437165,0.004101981,0.96901816,neutral (sarcastic unclear)
n7mwft4,LABEL_0,sarcastic,0.9434142,0.03582827,0.020757597,0.95354074,neutral (sarcastic unclear)
n7n5apf,LABEL_1,not sarcastic,0.0025038868,0.99209493,0.0054012253,0.005852909,neutral
n7mxg1n,LABEL_1,not sarcastic,0.11762452,0.86328655,0.019088943,0.0015681725,neutral
n7mymfg,LABEL_0,not sarcastic,0.69826317,0.24309446,0.05864233,0.024047265,neutral
n7n1g4j,LABEL_1,not sarcastic,0.0041915774,0.99093974,0.0048686643,0.0017032097,neutral
n7n08tm,LABEL_1,sarcastic,0.032023165,0.9604225,0.007554297,0.64393586,neutral (sarcastic unclear)
n7lm42o,LABEL_1,sarcastic,0.001566975,0.99440753,0.004025444,0.95798945,neutral (sarcastic unclear)
n7lvehw,LABEL_1,not sarcastic,0.009840319,0.98494786,0.005211802,0.00066768465,neutral
n7lnvaj,LABEL_1,not sarcastic,0.031518303,0.95849365,0.009988094,0.0005579226,neutral
n7lm5fs,LABEL_0,sarcastic,0.859375,0.13009152,0.010533435,0.999501,neutral (sarcastic unclear)
n7ykpis,LABEL_1,sarcastic,0.0025733316,0.9842482,0.01317848,0.99785715,neutral (sarcastic unclear)
n7yuciv,LABEL_1,not sarcastic,0.0032333166,0.99381024,0.0029564563,0.0007421775,negative
n7pbsd7,LABEL_1,not sarcastic,0.0791419,0.8624595,0.058398567,0.002145545,neutral
n7ak3rw,LABEL_1,sarcastic,0.0015528386,0.99436706,0.004080094,0.95649385,neutral (sarcastic unclear)
n7amzs7,LABEL_1,sarcastic,0.02515453,0.863508,0.11133749,0.8773578,neutral (sarcastic unclear)
n7bms5a,LABEL_1,not sarcastic,0.0027796675,0.99108374,0.0061366335,0.0064369803,neutral
n7anyl7,LABEL_1,not sarcastic,0.017141206,0.58003163,0.40282714,0.0019083504,neutral
n7ax48c,LABEL_1,not sarcastic,0.001834681,0.9950053,0.0031599826,0.002722927,neutral
n7c8607,LABEL_0,not sarcastic,0.98391867,0.011376723,0.0047046077,0.00055739965,positive
n7bzsmy,LABEL_1,not sarcastic,0.0015758366,0.9933035,0.005120671,0.0009945892,neutral
n78xrj6,LABEL_1,sarcastic,0.0015293432,0.9943757,0.0040949304,0.96294844,neutral (sarcastic unclear)
n78yjci,LABEL_1,not sarcastic,0.034982543,0.95887876,0.0061386847,0.000574399,neutral
n78y9sr,LABEL_1,not sarcastic,0.0024713376,0.991861,0.005667654,0.007880703,neutral
n791azz,LABEL_0,not sarcastic,0.8592526,0.1328714,0.007875989,0.0025588898,neutral
n78yaw8,LABEL_1,not sarcastic,0.06378533,0.92715365,0.009061133,0.0006344652,neutral
n790ghh,LABEL_1,not sarcastic,0.0032393886,0.99276567,0.003994901,0.00076550094,positive
n7968a3,LABEL_1,not sarcastic,0.0028303652,0.9910993,0.006070324,0.005659667,neutral
n75gskq,LABEL_1,sarcastic,0.0015557497,0.9943604,0.0040838793,0.968421,neutral (sarcastic unclear)
n75icu5,LABEL_1,not sarcastic,0.023968644,0.9576022,0.018429032,0.041041613,neutral
n75hmru,LABEL_1,not sarcastic,0.001360758,0.99356246,0.005076791,0.0034444241,neutral
n75j19y,LABEL_1,not sarcastic,0.020111721,0.97288215,0.0070061777,0.0013608963,negative
n75gza5,LABEL_1,not sarcastic,0.0029608004,0.9907273,0.006312002,0.005528431,neutral
n75i34m,LABEL_1,not sarcastic,0.00603012,0.96886104,0.025108913,0.0009725435,neutral
n768ywi,LABEL_0,not sarcastic,0.8891676,0.10265526,0.008177089,0.00080687366,neutral
n6ukun4,LABEL_1,sarcastic,0.0015519734,0.99444973,0.003998308,0.9582667,neutral (sarcastic unclear)
n6umgw1,LABEL_1,not sarcastic,0.0025105248,0.9919864,0.0055030733,0.0024096374,neutral
n6upa4i,LABEL_1,not sarcastic,0.0015633816,0.9935895,0.0048471596,0.0018544642,neutral
n6vfdm4,LABEL_1,not sarcastic,0.0012305874,0.9947897,0.0039796936,0.0006163706,neutral
n6v5k3v,LABEL_1,not sarcastic,0.0008492373,0.9939178,0.005232823,0.0025038656,neutral (sarcastic unclear)
n6uu6gz,LABEL_1,not sarcastic,0.00086050585,0.99016094,0.008978571,0.002342798,positive
n6sh8h9,LABEL_1,sarcastic,0.001542124,0.9943697,0.0040881573,0.97682345,neutral (sarcastic unclear)
n6siduh,LABEL_1,not sarcastic,0.0026318468,0.9910942,0.0062740054,0.0092347,neutral
n6sj3v4,LABEL_1,not sarcastic,0.002711343,0.9240514,0.07323725,0.0024922688,neutral
n6tuz74,LABEL_2,not sarcastic,0.00716378,0.35840914,0.6344271,0.0017512818,neutral
n6siwal,LABEL_0,not sarcastic,0.85395175,0.13718987,0.008858374,0.0007255929,neutral
n6sjd50,LABEL_1,sarcastic,0.005663132,0.9352232,0.059113715,0.9969025,neutral (sarcastic unclear)
n6sknzg,LABEL_1,not sarcastic,0.0065005105,0.98960996,0.0038895414,0.0007165969,neutral
n6jcie7,LABEL_1,sarcastic,0.0015450486,0.99442816,0.0040268153,0.95641327,neutral (sarcastic unclear)
n6jjezs,LABEL_1,not sarcastic,0.0010235535,0.9941468,0.00482963,0.0014545864,neutral
n6jw0kf,LABEL_0,not sarcastic,0.9787754,0.0168817,0.004342952,0.0008307845,neutral
n6lhnx1,LABEL_0,not sarcastic,0.929836,0.0601979,0.009966232,0.0015996798,positive
n6jtzps,LABEL_0,not sarcastic,0.96935004,0.024738492,0.005911469,0.0019905367,neutral
n6k1mrr,LABEL_0,sarcastic,0.93993926,0.054101527,0.005959275,0.999159,neutral (sarcastic unclear)
n6kcbim,LABEL_1,not sarcastic,0.0008530784,0.99587137,0.0032755304,0.0021106016,neutral
n6fqokw,LABEL_1,sarcastic,0.0015355372,0.99437696,0.004087423,0.9709957,neutral (sarcastic unclear)
n6fr6oq,LABEL_1,not sarcastic,0.0018522382,0.967561,0.030586652,0.0013292333,neutral
n6frj4r,LABEL_1,not sarcastic,0.0017470034,0.995285,0.0029680284,0.00096335367,positive
n6fza0o,LABEL_1,sarcastic,0.013072955,0.98243076,0.004496238,0.99662554,positive (sarcastic bullish)
n6fs0uz,LABEL_1,not sarcastic,0.0044299387,0.98248845,0.013081661,0.003074227,neutral
n6frl7o,LABEL_1,not sarcastic,0.003163966,0.99137515,0.0054609543,0.004680556,neutral (sarcastic unclear)
n6fth0c,LABEL_1,not sarcastic,0.0019598512,0.9911459,0.0068942537,0.0013727875,neutral
n6ft4ai,LABEL_1,not sarcastic,0.0016823144,0.9953027,0.003015033,0.00092108164,neutral
n6fx4fd,LABEL_1,not sarcastic,0.002826584,0.991204,0.0059693814,0.20817596,neutral
n6fmdk2,LABEL_1,sarcastic,0.0015247023,0.9946055,0.0038697412,0.9225479,neutral (sarcastic unclear)
n6fmwkg,LABEL_1,not sarcastic,0.0017071847,0.99433976,0.003953136,0.0024830017,neutral
n6j4cbf,LABEL_1,not sarcastic,0.002555582,0.9919242,0.0055202446,0.0016542769,neutral
n6g7aww,LABEL_1,not sarcastic,0.0010053337,0.9964135,0.0025810883,0.0013837024,positive
n6g8ylx,LABEL_0,not sarcastic,0.96941066,0.025345761,0.0052435608,0.0012473512,neutral
n6fnup5,LABEL_1,not sarcastic,0.0026914005,0.9913728,0.0059357616,0.007745445,neutral
n6ghbsb,LABEL_0,not sarcastic,0.5763028,0.41134426,0.012352897,0.0014771479,neutral
n6hgt0a,LABEL_0,not sarcastic,0.97765815,0.017085517,0.005256317,0.0010167675,neutral (sarcastic unclear)
n6ew2qm,LABEL_1,sarcastic,0.0015344442,0.99443036,0.0040351604,0.95237505,neutral (sarcastic unclear)
n6fgce4,LABEL_1,not sarcastic,0.017779928,0.97470254,0.007517443,0.0013983885,neutral
n66g2m5,LABEL_1,sarcastic,0.0015206662,0.9944021,0.004077227,0.94156885,neutral (sarcastic unclear)
n66j0ak,LABEL_1,not sarcastic,0.0012337343,0.96676004,0.032006178,0.0008431724,neutral
n66kk70,LABEL_1,not sarcastic,0.20442016,0.78553766,0.0100422455,0.0012604713,neutral
n66s43u,LABEL_1,not sarcastic,0.0013358552,0.99528426,0.0033798923,0.011489227,positive
n6777qm,LABEL_0,not sarcastic,0.9446225,0.048622146,0.006755395,0.0012008139,neutral (sarcastic unclear)
n66a4sj,LABEL_1,sarcastic,0.0015524263,0.9945298,0.0039178017,0.94207066,neutral (sarcastic unclear)
n66b2bt,LABEL_2,sarcastic,0.0028254387,0.032032665,0.9651419,0.89969146,neutral (sarcastic unclear)
n66tgao,LABEL_1,not sarcastic,0.040120967,0.9468377,0.013041293,0.000886072,neutral
n6ic237,LABEL_1,not sarcastic,0.0015724024,0.9865458,0.011881829,0.0031441704,neutral
n5n1nfv,LABEL_1,sarcastic,0.0015445381,0.9944296,0.004025955,0.9356434,neutral (sarcastic unclear)
n5n7f00,LABEL_0,not sarcastic,0.82652736,0.1465383,0.026934238,0.010099693,neutral
n5n6ozw,LABEL_1,not sarcastic,0.00377109,0.90817076,0.088058196,0.0010134667,neutral
n5nexs5,LABEL_1,not sarcastic,0.0044070734,0.50686806,0.48872486,0.0022755165,neutral
n5ncayn,LABEL_2,not sarcastic,0.001393795,0.13431446,0.8642917,0.00216338,neutral
n5ofyxh,LABEL_2,sarcastic,0.026949594,0.37978813,0.59326226,0.9866332,neutral (sarcastic unclear)
n5o46qg,LABEL_1,not sarcastic,0.003947272,0.9858845,0.010168238,0.015043435,neutral
n5lxvs9,LABEL_1,sarcastic,0.0015445203,0.99437827,0.004077178,0.9431052,neutral (sarcastic unclear)
n5m0x6w,LABEL_1,sarcastic,0.0042015836,0.6725564,0.32324204,0.6352437,neutral (sarcastic unclear)
n5m3oeu,LABEL_1,not sarcastic,0.0045334077,0.6086565,0.38681012,0.0020300061,neutral (sarcastic unclear)
n5ma4zo,LABEL_1,not sarcastic,0.003169508,0.9934423,0.003388221,0.00784664,positive
n5ly1ga,LABEL_1,not sarcastic,0.0059504346,0.95862204,0.03542757,0.0017378737,neutral
n56oeme,LABEL_1,sarcastic,0.0015452132,0.9944312,0.0040235436,0.95818466,neutral (sarcastic unclear)
n579cv6,LABEL_1,not sarcastic,0.26717922,0.7179289,0.014891864,0.0021517344,neutral
n56zvow,LABEL_1,not sarcastic,0.002025264,0.9947754,0.0031993245,0.0012294621,neutral
n57h3cz,LABEL_1,not sarcastic,0.00092465524,0.9936877,0.0053876727,0.0009596518,neutral
n5as3yp,LABEL_2,not sarcastic,0.0009528678,0.007448971,0.9915981,0.0005548826,neutral
n58iag9,LABEL_2,sarcastic,0.0009910023,0.00645122,0.99255776,0.9993686,neutral (sarcastic unclear)
n591vu5,LABEL_1,not sarcastic,0.0027397608,0.9913123,0.0059479643,0.0077376976,neutral
n55mvpx,LABEL_1,sarcastic,0.001563455,0.99440163,0.004034892,0.9677692,neutral (sarcastic unclear)
n55qpb2,LABEL_1,not sarcastic,0.35381567,0.6322614,0.013922978,0.25371692,positive
n55qtci,LABEL_1,not sarcastic,0.00090976065,0.9912238,0.007866437,0.043476176,neutral
n55qr72,LABEL_1,not sarcastic,0.0013786317,0.97576934,0.022852011,0.0065182396,neutral
n55mki8,LABEL_1,sarcastic,0.00153872,0.99443924,0.0040219896,0.95863307,neutral (sarcastic unclear)
n55t43l,LABEL_1,not sarcastic,0.0017154964,0.9954235,0.0028609964,0.0005479068,neutral
n55mxl9,LABEL_1,not sarcastic,0.00089729234,0.9930952,0.0060075275,0.003273499,neutral
n55qo35,LABEL_1,not sarcastic,0.051085792,0.6933506,0.2555636,0.0011732046,neutral
n55p4hg,LABEL_1,not sarcastic,0.003341467,0.9903977,0.0062608756,0.007874933,neutral
n5743ob,LABEL_1,not sarcastic,0.39040717,0.5371854,0.07240743,0.0012963314,neutral
n543dti,LABEL_1,sarcastic,0.0015348729,0.99437815,0.004086937,0.95318806,neutral (sarcastic unclear)
n546e3o,LABEL_1,not sarcastic,0.14324576,0.8482525,0.008501697,0.017362935,neutral
n548ks7,LABEL_1,not sarcastic,0.0035426307,0.9885971,0.00786024,0.00066181575,neutral
n544736,LABEL_1,not sarcastic,0.0009628078,0.99510777,0.0039294395,0.0014419382,neutral
n54wu4w,LABEL_2,not sarcastic,0.004450397,0.037020974,0.9585286,0.013078747,neutral
n54d7oj,LABEL_1,sarcastic,0.005164161,0.98736006,0.0074757384,0.99921644,neutral (sarcastic unclear)
n543s8b,LABEL_1,not sarcastic,0.0017780502,0.99495196,0.0032700666,0.0066539533,neutral
n4zq1d3,LABEL_1,sarcastic,0.001527626,0.994453,0.0040193787,0.94285506,neutral (sarcastic unclear)
n4zrjai,LABEL_1,not sarcastic,0.00269877,0.99144405,0.005857226,0.01009668,neutral
n4zuspk,LABEL_1,not sarcastic,0.0024760917,0.9936605,0.0038634585,0.015371374,neutral
n4zqaxa,LABEL_0,not sarcastic,0.9209818,0.07252272,0.006495427,0.0032491249,neutral
n4zsuhu,LABEL_1,not sarcastic,0.003582587,0.98413867,0.012278742,0.018746264,neutral
n4zy25a,LABEL_1,not sarcastic,0.111973986,0.88061136,0.007414585,0.0044594673,neutral
n505bwh,LABEL_1,not sarcastic,0.0025266553,0.9914555,0.0060177725,0.004662548,neutral
n4wgmsc,LABEL_1,sarcastic,0.001544858,0.99448663,0.003968496,0.9313134,neutral (sarcastic unclear)
n4x6mlu,LABEL_1,not sarcastic,0.3803945,0.6092276,0.010377877,0.0007709556,neutral
n4wuk89,LABEL_0,not sarcastic,0.6963566,0.28855067,0.0150928,0.0057522343,neutral
n4wo5pv,LABEL_1,not sarcastic,0.0015104883,0.85891044,0.13957912,0.0009055445,neutral
n4rv8l3,LABEL_1,sarcastic,0.0015172125,0.99437815,0.004104596,0.95872533,neutral (sarcastic unclear)
n4rvz2l,LABEL_1,not sarcastic,0.001356499,0.99303484,0.0056087156,0.001981583,positive
n4rxnf2,LABEL_0,not sarcastic,0.7546869,0.23600294,0.009310193,0.0010167146,neutral
n4sipw1,LABEL_2,sarcastic,0.0730307,0.17058781,0.7563815,0.9674269,negative (sarcastic bearish)
n4tqgb7,LABEL_2,not sarcastic,0.0032085727,0.06367992,0.9331115,0.0025900456,neutral (sarcastic unclear)
n4wsue1,LABEL_1,not sarcastic,0.03595447,0.8464371,0.11760848,0.020379907,neutral
n4prjqd,LABEL_1,sarcastic,0.0015331258,0.99442345,0.0040433784,0.9610981,neutral (sarcastic unclear)
n4psdjr,LABEL_1,not sarcastic,0.0012203784,0.99504,0.003739679,0.00061821385,neutral
n4pshcj,LABEL_1,not sarcastic,0.0011174154,0.99541783,0.0034646727,0.0005990164,neutral
n4q8ba4,LABEL_1,not sarcastic,0.0030407517,0.99349517,0.003464084,0.0044104797,negative
n4pym2c,LABEL_1,sarcastic,0.0012120951,0.9939639,0.0048239753,0.99747723,neutral (sarcastic unclear)
n4psg1r,LABEL_1,not sarcastic,0.002146316,0.99376774,0.0040859375,0.0029587774,neutral
n4qick7,LABEL_1,not sarcastic,0.0009081286,0.995413,0.0036789104,0.0006240771,neutral
n4qagyr,LABEL_1,not sarcastic,0.0007954891,0.9868563,0.012348245,0.0018039012,neutral
n4d4gxi,LABEL_1,sarcastic,0.0015345284,0.9943982,0.0040672417,0.9674942,neutral (sarcastic unclear)
n4d6gok,LABEL_1,not sarcastic,0.0008370163,0.9911669,0.007996114,0.0005387466,neutral
n4d4xsj,LABEL_1,not sarcastic,0.0018881272,0.9920563,0.0060555222,0.2359001,neutral
n4d6ygx,LABEL_1,not sarcastic,0.035830352,0.9581503,0.0060192584,0.0005186796,neutral
n4d82mn,LABEL_1,not sarcastic,0.00213376,0.99395084,0.003915385,0.000864516,neutral
n4d7816,LABEL_1,not sarcastic,0.050004877,0.92843807,0.021557052,0.0029701823,neutral
n423zxm,LABEL_1,sarcastic,0.001532539,0.99447614,0.0039913813,0.9629604,neutral (sarcastic unclear)
n4264vk,LABEL_1,sarcastic,0.002870606,0.80285794,0.19427152,0.9761779,neutral (sarcastic unclear)
n4dba61,LABEL_2,not sarcastic,0.0010134248,0.006342987,0.99264365,0.00094902894,negative
n471r69,LABEL_1,not sarcastic,0.0063887523,0.9012352,0.092376076,0.00088901585,neutral
n483kks,LABEL_1,not sarcastic,0.0017544287,0.9945418,0.0037037476,0.0009425666,neutral
n452m97,LABEL_1,not sarcastic,0.49187097,0.49562776,0.012501233,0.008055184,neutral
n3v31xv,LABEL_1,sarcastic,0.0015305914,0.99443024,0.004039199,0.9542943,neutral (sarcastic unclear)
n3v5ver,LABEL_1,not sarcastic,0.0015989125,0.9937617,0.0046393275,0.0012603404,neutral
n3v3xxd,LABEL_1,sarcastic,0.011918629,0.9155392,0.072542205,0.9270396,neutral (sarcastic unclear)
n3v4bgm,LABEL_1,not sarcastic,0.0033058191,0.97996736,0.016726848,0.0017380177,neutral
n3vrty9,LABEL_1,not sarcastic,0.0028835642,0.9907415,0.006374942,0.0060901544,neutral
n3tkul5,LABEL_1,sarcastic,0.0015448559,0.9943639,0.0040912167,0.9785987,neutral (sarcastic unclear)
n3tmplc,LABEL_1,not sarcastic,0.01745403,0.9098927,0.07265324,0.0037816835,neutral
n3tq7z4,LABEL_1,not sarcastic,0.00079858926,0.9947305,0.004470809,0.0009009694,neutral
n3ung1s,LABEL_1,not sarcastic,0.00133902,0.99281776,0.0058432133,0.0007990828,neutral
n3mwlyb,LABEL_1,sarcastic,0.0015096599,0.9945216,0.0039686826,0.93565977,neutral (sarcastic unclear)
n3oa5vl,LABEL_1,sarcastic,0.009602841,0.9776895,0.012707649,0.7504661,neutral (sarcastic unclear)
n3m9py8,LABEL_1,sarcastic,0.0015282141,0.9944066,0.0040651294,0.9595782,neutral (sarcastic unclear)
n3mb37h,LABEL_0,not sarcastic,0.9522598,0.041943617,0.005796611,0.0014094561,neutral
n3mb8u9,LABEL_1,not sarcastic,0.0011764906,0.9955324,0.0032912008,0.0012351974,positive
n3mcbm3,LABEL_0,not sarcastic,0.8456494,0.1396317,0.014718845,0.0028322549,positive
n3mcp1c,LABEL_1,not sarcastic,0.022597307,0.972033,0.0053696553,0.010161416,neutral
n3mlpfh,LABEL_1,not sarcastic,0.0013673865,0.9830346,0.015598065,0.0021711674,neutral
n3nhcl6,LABEL_1,not sarcastic,0.0027371023,0.90254986,0.09471294,0.0015194245,neutral
n3fa0od,LABEL_1,sarcastic,0.0016850283,0.9944688,0.00384612,0.92869496,neutral (sarcastic unclear)
n3fe5lr,LABEL_1,not sarcastic,0.0010140737,0.95547426,0.043511655,0.00052174594,positive
n3fi7hh,LABEL_1,not sarcastic,0.038886163,0.95425767,0.0068561565,0.00052474363,neutral
n3fx2yu,LABEL_1,not sarcastic,0.0026201273,0.9915558,0.0058240825,0.0074114846,neutral
n3idy5s,LABEL_1,not sarcastic,0.0028187004,0.9912246,0.005956716,0.0062020565,neutral
n2t8xso,LABEL_1,sarcastic,0.0015485192,0.9944043,0.004047125,0.9719663,neutral (sarcastic unclear)
n2t9y66,LABEL_1,sarcastic,0.0065895994,0.7139095,0.2795009,0.8226722,neutral (sarcastic unclear)
n2td97m,LABEL_1,not sarcastic,0.003182246,0.99259394,0.004223739,0.018584065,neutral
n2tn6td,LABEL_2,not sarcastic,0.0017972899,0.013221968,0.9849807,0.0007530151,neutral
n2taq3g,LABEL_1,not sarcastic,0.0014315939,0.99499774,0.0035706903,0.0027852142,neutral
n2talkc,LABEL_1,not sarcastic,0.0010481378,0.99175525,0.007196525,0.002116952,neutral
n2tk8ys,LABEL_1,sarcastic,0.047610052,0.94483376,0.007556154,0.94085926,neutral (sarcastic unclear)
n2msq2r,LABEL_1,sarcastic,0.0015389883,0.9944666,0.00399441,0.9628764,neutral (sarcastic unclear)
n2mu192,LABEL_1,not sarcastic,0.0024902725,0.9917597,0.0057501295,0.012523615,neutral
n2mtctp,LABEL_1,not sarcastic,0.00084541825,0.9861566,0.012998026,0.0011026757,positive
n2mupjh,LABEL_0,not sarcastic,0.5279361,0.4573207,0.014743223,0.2985016,neutral
n2mzfya,LABEL_1,not sarcastic,0.0027018574,0.9913134,0.0059848335,0.0058899014,neutral
n2muzwb,LABEL_1,not sarcastic,0.3908502,0.5922268,0.016923092,0.0008269968,neutral
n2mtspj,LABEL_1,not sarcastic,0.019037582,0.9513764,0.029585993,0.017683832,neutral
n2fq49o,LABEL_1,sarcastic,0.0015292064,0.99435127,0.0041194377,0.9577821,neutral (sarcastic unclear)
n2g5va9,LABEL_0,not sarcastic,0.87503374,0.10920898,0.01575724,0.00086433016,neutral
n2fzglv,LABEL_1,not sarcastic,0.0038281453,0.9856214,0.010550502,0.0006086102,neutral
n2g6cso,LABEL_1,not sarcastic,0.002713403,0.99151504,0.0057716207,0.008514578,neutral
n2fuz33,LABEL_1,not sarcastic,0.0019974734,0.99382174,0.0041808286,0.0010827215,neutral
n2g6l2x,LABEL_1,not sarcastic,0.009852849,0.98477584,0.0053714397,0.00080747897,negative
n2fzdrx,LABEL_2,sarcastic,0.0021219233,0.30307102,0.694807,0.99376196,neutral (sarcastic unclear)
n2frl28,LABEL_1,not sarcastic,0.0013491794,0.9936147,0.0050362055,0.037142616,neutral
n2dflek,LABEL_1,sarcastic,0.0015208918,0.9944311,0.0040479447,0.95813257,neutral (sarcastic unclear)
n2wm95x,LABEL_1,not sarcastic,0.0016372375,0.99274457,0.005618169,0.00047569355,neutral
n2d295q,LABEL_1,sarcastic,0.0015284269,0.9944265,0.0040450525,0.95643115,neutral (sarcastic unclear)
n2d84tl,LABEL_1,not sarcastic,0.0057605794,0.98459226,0.009647257,0.000927465,neutral
n2d2zcw,LABEL_1,not sarcastic,0.0013076924,0.99531966,0.0033726906,0.0012338768,positive
n281b0g,LABEL_1,sarcastic,0.0015171887,0.9943546,0.0041282396,0.949824,neutral (sarcastic unclear)
n282twb,LABEL_1,not sarcastic,0.003947272,0.9858845,0.010168238,0.015043435,neutral
n284342,LABEL_1,not sarcastic,0.003176134,0.9919695,0.0048543066,0.0005016544,neutral
n282zut,LABEL_1,not sarcastic,0.003947272,0.9858845,0.010168238,0.015043435,neutral
n287gvk,LABEL_0,sarcastic,0.97845465,0.016722871,0.0048224237,0.9059,neutral (sarcastic unclear)
n28aqr6,LABEL_1,not sarcastic,0.0023143135,0.9937781,0.0039076433,0.116532736,positive
n28lw36,LABEL_1,not sarcastic,0.033819053,0.95970744,0.006473501,0.0009354483,neutral
n288hm9,LABEL_1,not sarcastic,0.08152303,0.9091915,0.009285483,0.0007923534,neutral
n27y0pw,LABEL_1,sarcastic,0.0015546386,0.994418,0.004027389,0.9691144,neutral (sarcastic unclear)
n27yl36,LABEL_1,not sarcastic,0.12343337,0.85507464,0.021492053,0.0013638528,neutral
n27zl3y,LABEL_1,not sarcastic,0.23979665,0.7181637,0.042039547,0.005246829,neutral
n281r8v,LABEL_1,not sarcastic,0.0017277288,0.9845697,0.013702568,0.001937694,positive (sarcastic bullish)
n289vmw,LABEL_0,not sarcastic,0.9466333,0.04834663,0.00501999,0.00080425607,neutral
n285x49,LABEL_2,sarcastic,0.0019894245,0.061608087,0.9364025,0.97859544,neutral (sarcastic unclear)
n1uudnp,LABEL_1,sarcastic,0.0015347208,0.99442756,0.004037817,0.95859915,neutral (sarcastic unclear)
n1uvjst,LABEL_1,not sarcastic,0.0027538065,0.9908236,0.0064225513,0.004889626,neutral
n1v58bk,LABEL_1,not sarcastic,0.0025381877,0.99167496,0.005786861,0.007753086,neutral
n1yffq7,LABEL_0,not sarcastic,0.965832,0.028223922,0.0059441812,0.0012755139,neutral (sarcastic unclear)
n1wq0jr,LABEL_1,not sarcastic,0.010347411,0.9450879,0.04456464,0.0008589268,neutral
n1v4nra,LABEL_1,not sarcastic,0.0014163587,0.99531484,0.003268858,0.0014367664,neutral
n1twndg,LABEL_1,sarcastic,0.0015249568,0.9943816,0.004093422,0.964377,neutral (sarcastic unclear)
n1txdz1,LABEL_1,not sarcastic,0.002653257,0.9915364,0.005810379,0.004880336,neutral
n1tx4ox,LABEL_1,not sarcastic,0.0013203839,0.9924947,0.0061849477,0.00069022307,negative
n1u21rd,LABEL_1,not sarcastic,0.002520123,0.99183816,0.005641735,0.0056911395,neutral
n1ueuzv,LABEL_1,not sarcastic,0.026836189,0.96349317,0.009670649,0.0065099266,neutral
n1ty4vd,LABEL_1,not sarcastic,0.033223588,0.9377809,0.02899542,0.0015187295,neutral
n1u00bb,LABEL_0,not sarcastic,0.53114575,0.40115628,0.06769801,0.04504512,neutral
n1t1jlj,LABEL_1,sarcastic,0.0015362974,0.9944338,0.004029818,0.94994766,neutral (sarcastic unclear)
n1t3ujh,LABEL_1,not sarcastic,0.0031641861,0.9878676,0.008968221,0.103429355,neutral
n1t2esg,LABEL_1,not sarcastic,0.0013200027,0.9939964,0.0046835262,0.0009505634,neutral
n1t73zl,LABEL_1,not sarcastic,0.0016596026,0.99254566,0.005794748,0.0010619154,neutral
n1t5b93,LABEL_1,not sarcastic,0.0026347057,0.9932908,0.0040744785,0.0010323982,positive
n1tbewg,LABEL_1,not sarcastic,0.009894586,0.84152484,0.14858057,0.0014914774,neutral
n1sy8zw,LABEL_1,sarcastic,0.0015257243,0.9944823,0.0039919424,0.9530751,neutral (sarcastic unclear)
n1sysia,LABEL_1,not sarcastic,0.0027312797,0.99121547,0.0060531804,0.0059270673,neutral
n1tbyhi,LABEL_1,not sarcastic,0.07785024,0.91704696,0.00510282,0.0023973396,neutral
n1szedy,LABEL_0,not sarcastic,0.8861195,0.09685014,0.01703035,0.0010441432,neutral
n1sya5g,LABEL_1,sarcastic,0.0015016195,0.9943968,0.004101613,0.9993081,neutral (sarcastic unclear)
n1t0n1e,LABEL_1,not sarcastic,0.0012350467,0.9957273,0.003037648,0.0017682053,positive
n1te4az,LABEL_1,not sarcastic,0.0013593595,0.99311984,0.0055208663,0.0009514454,neutral
n1t0wph,LABEL_0,not sarcastic,0.86284834,0.1295782,0.0075734914,0.0007870923,neutral
n1jjk32,LABEL_1,sarcastic,0.0015340386,0.9943969,0.0040690345,0.9642321,neutral (sarcastic unclear)
n1jm4an,LABEL_1,not sarcastic,0.005913721,0.6470384,0.3470479,0.0009343027,neutral
n1jlahj,LABEL_1,not sarcastic,0.0026378566,0.99168956,0.005672559,0.0048541552,neutral
n1jkft3,LABEL_0,not sarcastic,0.97914517,0.016513236,0.004341666,0.0011827108,negative
n1jujim,LABEL_0,not sarcastic,0.53985685,0.4488068,0.011336326,0.004599619,neutral
n1jkh3q,LABEL_1,not sarcastic,0.0033019832,0.9895946,0.0071035083,0.0020700225,positive
n1hwxxl,LABEL_1,sarcastic,0.0015294628,0.9944629,0.004007517,0.9519328,neutral (sarcastic unclear)
n1hx7sc,LABEL_1,not sarcastic,0.002139747,0.9954787,0.002381646,0.00064744323,neutral
n1hz8vf,LABEL_1,not sarcastic,0.0011877025,0.99463755,0.0041746786,0.03654566,neutral
n1i7asp,LABEL_1,not sarcastic,0.0016805781,0.9909088,0.0074106227,0.0033197103,neutral
n1i0tvn,LABEL_1,not sarcastic,0.038433626,0.93571484,0.02585149,0.0009309111,neutral
n1id9jr,LABEL_1,not sarcastic,0.0020663862,0.99431795,0.0036157116,0.004544302,negative
n176jmo,LABEL_1,sarcastic,0.0016559314,0.99445665,0.0038874683,0.9351893,neutral (sarcastic unclear)
n177ort,LABEL_1,not sarcastic,0.0070170127,0.56646055,0.42652246,0.0013916225,neutral
n179cae,LABEL_1,not sarcastic,0.06637011,0.9267907,0.006839157,0.00086334284,neutral
n17ay8i,LABEL_0,sarcastic,0.94172895,0.046503533,0.011767493,0.9990421,neutral (sarcastic unclear)
n17os35,LABEL_0,not sarcastic,0.97500706,0.019304348,0.005688527,0.007527775,neutral
n17h19r,LABEL_1,not sarcastic,0.35499537,0.6333533,0.01165133,0.0009785374,neutral
n15dye7,LABEL_1,sarcastic,0.0015429199,0.99442095,0.0040360847,0.95862556,neutral (sarcastic unclear)
n16ggd7,LABEL_1,not sarcastic,0.0011060549,0.94278014,0.05611383,0.001605223,neutral
n15ef62,LABEL_1,not sarcastic,0.0014673757,0.995812,0.0027206307,0.19558889,negative
n15g8ef,LABEL_1,not sarcastic,0.0013854953,0.9958495,0.0027650075,0.091061674,neutral
n19rhrx,LABEL_1,not sarcastic,0.0016320407,0.9948855,0.0034824603,0.0009768881,neutral
n15ekl5,LABEL_1,not sarcastic,0.002044357,0.9916278,0.0063278275,0.0010057552,neutral (sarcastic unclear)
n169y7h,LABEL_0,sarcastic,0.76475143,0.22514267,0.010106003,0.7919336,negative (sarcastic bearish)
n1b9lui,LABEL_1,not sarcastic,0.0025140115,0.9839713,0.013514711,0.0006187276,neutral
n1cac7a,LABEL_1,not sarcastic,0.0023660585,0.9900864,0.0075474484,0.002412314,neutral
n12ypbz,LABEL_1,sarcastic,0.0015330556,0.9944471,0.0040198704,0.9567704,neutral (sarcastic unclear)
n130u6b,LABEL_1,not sarcastic,0.007956929,0.9812868,0.010756282,0.047273632,neutral
n139fam,LABEL_0,sarcastic,0.7542874,0.22916622,0.016546315,0.99821186,negative (sarcastic bearish)
n1332t3,LABEL_1,sarcastic,0.001189876,0.99574476,0.0030653856,0.9975183,neutral (sarcastic unclear)
n12zp5o,LABEL_1,sarcastic,0.026266605,0.8739766,0.09975687,0.98214746,neutral (sarcastic unclear)
n14fr9f,LABEL_1,not sarcastic,0.003755117,0.99245113,0.0037937635,0.0011242218,neutral
n1363g1,LABEL_1,sarcastic,0.00239759,0.5689413,0.4286611,0.999059,neutral (sarcastic unclear)
n16pnh0,LABEL_1,sarcastic,0.0064817565,0.97221065,0.021307616,0.961268,neutral (sarcastic unclear)
n12yzn9,LABEL_1,not sarcastic,0.0026013954,0.99157715,0.00582152,0.005444751,neutral
n12qqsi,LABEL_1,sarcastic,0.0015245164,0.9944149,0.004060646,0.9577015,neutral (sarcastic unclear)
n12v8ja,LABEL_1,sarcastic,0.0032092556,0.9938351,0.002955752,0.7345019,positive
n130c1w,LABEL_1,not sarcastic,0.0011139621,0.98791635,0.0109697,0.00074781984,neutral
n15isxx,LABEL_1,not sarcastic,0.0018802215,0.9925573,0.0055624,0.00087360403,neutral
n0ulkyb,LABEL_1,sarcastic,0.0015251732,0.9944734,0.004001464,0.96913713,neutral (sarcastic unclear)
n0un6uj,LABEL_1,not sarcastic,0.0016617911,0.99352336,0.0048147743,0.0007529197,neutral
n0um6z2,LABEL_1,not sarcastic,0.0008736072,0.9923091,0.006817289,0.0057401657,neutral
n0urv2o,LABEL_1,not sarcastic,0.0011374941,0.995999,0.002863617,0.00084703777,neutral
n0vbqzi,LABEL_1,not sarcastic,0.0025257953,0.9917841,0.005690198,0.010449957,neutral
n0v40yo,LABEL_1,sarcastic,0.007875455,0.9883057,0.0038189103,0.799441,neutral (sarcastic unclear)
n0tt07k,LABEL_1,sarcastic,0.0015389567,0.9944594,0.0040016463,0.94569224,neutral (sarcastic unclear)
n0udq1l,LABEL_1,not sarcastic,0.0017850276,0.99366015,0.004554899,0.00051739055,neutral
n0tv43e,LABEL_1,not sarcastic,0.0026536544,0.9904151,0.0069311652,0.00077662896,neutral
n0ttipl,LABEL_0,sarcastic,0.9431119,0.047997456,0.008890677,0.99837387,neutral (sarcastic unclear)
n0xqrbk,LABEL_1,not sarcastic,0.0016820771,0.9937359,0.0045819567,0.18500379,neutral
n0u6rtu,LABEL_1,not sarcastic,0.009954722,0.9840201,0.00602527,0.039248534,neutral (sarcastic unclear)
n0ub001,LABEL_1,not sarcastic,0.0011394729,0.99064726,0.008213263,0.0028320367,positive
n0syr0h,LABEL_1,sarcastic,0.0015678095,0.99443334,0.0039989417,0.9625689,neutral (sarcastic unclear)
n0szhly,LABEL_1,not sarcastic,0.044682957,0.9473333,0.007983739,0.0054092207,neutral
n0t2zh0,LABEL_1,not sarcastic,0.0025954498,0.9914908,0.0059137605,0.0062915892,neutral
n0t09d6,LABEL_1,not sarcastic,0.0027675035,0.9911965,0.0060359067,0.005675756,neutral
n0t0d3v,LABEL_1,sarcastic,0.02705062,0.86686397,0.10608542,0.9059704,neutral (sarcastic unclear)
n0t20f5,LABEL_0,not sarcastic,0.9510392,0.04258841,0.0063723186,0.0018399522,neutral
n0ranmd,LABEL_1,sarcastic,0.0015332516,0.99443203,0.0040347404,0.94124794,neutral (sarcastic unclear)
n0rb9b8,LABEL_1,not sarcastic,0.007485654,0.9894723,0.0030420437,0.00064743304,positive
n0rbkzo,LABEL_1,not sarcastic,0.17158762,0.81983215,0.008580204,0.0010942218,neutral
n0s4g3k,LABEL_1,sarcastic,0.00784509,0.98627496,0.0058799447,0.95896995,neutral (sarcastic unclear)
n0rifai,LABEL_1,not sarcastic,0.14400178,0.83547044,0.02052772,0.00052720547,neutral
n0s2a2m,LABEL_0,sarcastic,0.9781597,0.016954308,0.004885889,0.9991404,neutral (sarcastic unclear)
n0ro9ph,LABEL_2,not sarcastic,0.007956853,0.24338235,0.7486608,0.0010701678,positive
mzwfrdy,LABEL_1,sarcastic,0.0015597629,0.9944418,0.0039984514,0.9476326,neutral (sarcastic unclear)
mzwgrx2,LABEL_2,not sarcastic,0.001277687,0.022072881,0.9766494,0.00053749507,neutral
mzxvpef,LABEL_1,not sarcastic,0.42644292,0.56253254,0.011024542,0.00070616294,neutral
mzwha3w,LABEL_2,not sarcastic,0.002404652,0.05601012,0.9415852,0.0036069173,neutral
mzx6bd7,LABEL_2,not sarcastic,0.004458386,0.11303615,0.8825055,0.0013084798,positive
mzwk987,LABEL_1,not sarcastic,0.0009940073,0.9716348,0.027371185,0.0015663943,neutral
mzwu7u6,LABEL_1,not sarcastic,0.0018626112,0.99397403,0.0041634557,0.0022238123,neutral
mzy5t0s,LABEL_1,not sarcastic,0.008067602,0.84964347,0.14228892,0.0014405497,neutral
n00awk7,LABEL_1,not sarcastic,0.053786583,0.9367352,0.009478277,0.0010179669,neutral
mzp9n6f,LABEL_1,sarcastic,0.0015344783,0.9943956,0.004069852,0.95922303,neutral (sarcastic unclear)
mzpcyxi,LABEL_1,not sarcastic,0.0020855586,0.97716105,0.020753343,0.00086987746,neutral (sarcastic unclear)
mzpboj5,LABEL_1,not sarcastic,0.002768294,0.99099934,0.006232414,0.008578118,neutral
mzpf6my,LABEL_1,sarcastic,0.001277314,0.99233574,0.0063869176,0.9800332,neutral (sarcastic unclear)
mzpckzz,LABEL_1,not sarcastic,0.002185829,0.8831536,0.11466063,0.0009928311,neutral
mzq7iwl,LABEL_1,not sarcastic,0.4800717,0.49978355,0.020144772,0.0006801112,negative
mzqbjpf,LABEL_1,not sarcastic,0.035288464,0.9462093,0.018502261,0.00084080524,neutral (sarcastic unclear)
mzpbceg,LABEL_1,not sarcastic,0.11261368,0.8190816,0.06830464,0.0012541225,neutral (sarcastic unclear)
mzpiibb,LABEL_0,not sarcastic,0.9492171,0.04399806,0.0067849513,0.0035697173,negative
mzp5or0,LABEL_1,sarcastic,0.0015178601,0.9944806,0.0040015522,0.95574576,neutral (sarcastic unclear)
mzp9waj,LABEL_0,sarcastic,0.66389334,0.2927185,0.043388113,0.9989323,neutral (sarcastic unclear)
mzp6370,LABEL_1,not sarcastic,0.047652688,0.9179539,0.034393426,0.0046168044,neutral
mzp77k3,LABEL_1,not sarcastic,0.0015687982,0.9936522,0.004778914,0.00093208835,neutral
mzd3zd4,LABEL_1,sarcastic,0.0015443004,0.9943903,0.004065317,0.9552118,neutral (sarcastic unclear)
mzd4kmc,LABEL_2,not sarcastic,0.0018791363,0.34862173,0.6494992,0.00074287696,neutral
mzdmhq5,LABEL_1,not sarcastic,0.0164978,0.9733508,0.010151368,0.0037508602,neutral
mzfnbdi,LABEL_1,not sarcastic,0.4102424,0.5647671,0.024990467,0.0006565449,neutral
mzd84mz,LABEL_1,sarcastic,0.022549247,0.8949128,0.08253794,0.9585112,neutral (sarcastic unclear)
mzdsyif,LABEL_1,sarcastic,0.062373582,0.788163,0.14946343,0.7036346,neutral (sarcastic unclear)
mzdxt4a,LABEL_1,not sarcastic,0.01298161,0.9834329,0.0035855428,0.0008968539,neutral
mzedd1s,LABEL_2,not sarcastic,0.00435381,0.029510181,0.966136,0.0007407971,neutral
mzf04bt,LABEL_1,not sarcastic,0.0012604832,0.9932498,0.00548966,0.0023689566,neutral
mzb1a7u,LABEL_1,sarcastic,0.001537148,0.99442947,0.0040333527,0.974277,neutral (sarcastic unclear)
mzbadfj,LABEL_1,not sarcastic,0.23795329,0.7322556,0.029791124,0.0008577417,neutral
mzb3drw,LABEL_1,not sarcastic,0.025349278,0.9645528,0.010097857,0.0006149295,neutral
mzbcdeg,LABEL_1,not sarcastic,0.054875206,0.93503106,0.01009368,0.00093279954,neutral
mzb3h8a,LABEL_1,not sarcastic,0.002341737,0.99264586,0.0050124205,0.00095262274,neutral
mzbdf1z,LABEL_1,not sarcastic,0.042904433,0.94791317,0.009182347,0.000636604,neutral
mzbfot3,LABEL_1,not sarcastic,0.0012297825,0.99454296,0.004227206,0.0020301994,neutral
mzbx501,LABEL_1,not sarcastic,0.003947272,0.9858845,0.010168238,0.015043435,neutral
mz61m80,LABEL_1,sarcastic,0.0015347967,0.99436486,0.004100323,0.9728687,neutral (sarcastic unclear)
mz6259y,LABEL_0,not sarcastic,0.9272125,0.059562672,0.01322489,0.0009083945,neutral
mz627a3,LABEL_2,not sarcastic,0.0007998785,0.017095529,0.9821046,0.00072235224,neutral
mz62wlj,LABEL_1,not sarcastic,0.0021413316,0.9943257,0.0035330493,0.0011911988,neutral
mz63mw0,LABEL_1,not sarcastic,0.0029245326,0.92679644,0.07027911,0.00074301363,positive (sarcastic bullish)
mz6285v,LABEL_1,not sarcastic,0.011567806,0.9736779,0.014754354,0.0052905646,positive
mzbw9ip,LABEL_0,not sarcastic,0.98674446,0.0095138345,0.0037416893,0.005229799,neutral
mz2tpyn,LABEL_1,sarcastic,0.001538516,0.99443686,0.004024695,0.9569838,neutral (sarcastic unclear)
mz2w3mr,LABEL_0,not sarcastic,0.8803699,0.110314265,0.009315787,0.003574685,neutral
mz2wm81,LABEL_1,not sarcastic,0.0061422237,0.98353875,0.010319066,0.0010457375,neutral
mz2w7zc,LABEL_0,not sarcastic,0.95814455,0.036073763,0.005781722,0.0005883309,negative
myv8iix,LABEL_1,sarcastic,0.0015443607,0.9944149,0.0040407204,0.96758157,neutral (sarcastic unclear)
myv9f68,LABEL_1,not sarcastic,0.009313073,0.9869925,0.003694521,0.0015187266,neutral
myvz6iz,LABEL_1,sarcastic,0.0012666859,0.99565035,0.0030830395,0.9991605,neutral (sarcastic unclear)
myx2u85,LABEL_1,not sarcastic,0.0018275076,0.9933368,0.0048356894,0.004657908,neutral
mzbr4jn,LABEL_2,not sarcastic,0.0009983795,0.009446637,0.989555,0.0008798979,positive
mz1ze4p,LABEL_1,not sarcastic,0.001298445,0.9961123,0.0025892511,0.0006863085,neutral
mytw2gq,LABEL_1,sarcastic,0.0015277648,0.99438643,0.0040857885,0.9712019,neutral (sarcastic unclear)
mytwgnn,LABEL_1,not sarcastic,0.0011305062,0.9961629,0.00270663,0.32163343,positive
myu47ho,LABEL_1,not sarcastic,0.0033359088,0.9915023,0.005161831,0.0024757714,neutral
mytwjgl,LABEL_1,not sarcastic,0.021526791,0.79977196,0.17870124,0.0012918605,neutral (sarcastic unclear)
myu3ti3,LABEL_1,not sarcastic,0.0017510303,0.97009414,0.028154727,0.0011060392,negative
mytkwy6,LABEL_1,sarcastic,0.0015302829,0.99438053,0.004089216,0.9662683,neutral (sarcastic unclear)
mytlak2,LABEL_1,not sarcastic,0.21282306,0.7714388,0.015738206,0.031411156,neutral
mytllof,LABEL_1,not sarcastic,0.1005918,0.72641736,0.17299084,0.00077801,neutral
mytncd2,LABEL_1,not sarcastic,0.30265084,0.6464452,0.05090391,0.0015477315,neutral
mytojsr,LABEL_1,sarcastic,0.4415071,0.5492434,0.009249542,0.99809307,neutral (sarcastic unclear)
mytlir3,LABEL_1,not sarcastic,0.0013123613,0.9947619,0.0039257277,0.00066682306,neutral
myttngl,LABEL_1,not sarcastic,0.0008820821,0.99445325,0.0046645924,0.0006460872,positive
mytosho,LABEL_1,not sarcastic,0.1840804,0.80716014,0.008759443,0.001095692,positive
mytjiav,LABEL_1,sarcastic,0.0015467759,0.99439704,0.0040562013,0.94584984,neutral (sarcastic unclear)
mytkige,LABEL_1,not sarcastic,0.0011593169,0.9960995,0.0027412584,0.002413835,neutral
mytko32,LABEL_1,not sarcastic,0.14639878,0.8315798,0.022021372,0.071493596,neutral
mytk3ez,LABEL_1,sarcastic,0.0071566766,0.67242205,0.3204213,0.9990701,neutral (sarcastic unclear)
mytlhm6,LABEL_0,not sarcastic,0.5901182,0.3962919,0.013589841,0.001276347,neutral
mytm0f3,LABEL_1,not sarcastic,0.083600484,0.7757913,0.14060816,0.0006623147,neutral
mytk1pv,LABEL_1,not sarcastic,0.004124946,0.9846902,0.011184832,0.009266962,neutral
myp634o,LABEL_1,sarcastic,0.0015265876,0.9944265,0.0040469263,0.93444496,neutral (sarcastic unclear)
myp6okt,LABEL_1,not sarcastic,0.08787068,0.9004409,0.011688414,0.00090465875,neutral
myp7dwh,LABEL_1,not sarcastic,0.4832344,0.5089868,0.0077788234,0.005356404,neutral
myp7ch2,LABEL_1,not sarcastic,0.0026225853,0.99312085,0.004256537,0.0009216553,neutral
myp684d,LABEL_1,not sarcastic,0.0009672306,0.9902864,0.008746434,0.0013981368,neutral (sarcastic unclear)
myp7iq1,LABEL_1,not sarcastic,0.0016453534,0.994934,0.0034205571,0.00048007665,neutral
myple29,LABEL_1,sarcastic,0.02653376,0.9499383,0.023527935,0.9991966,neutral (sarcastic unclear)
myp724g,LABEL_1,not sarcastic,0.0023444234,0.99222344,0.0054320972,0.00088486855,neutral
myaynoa,LABEL_1,sarcastic,0.0015291503,0.9943764,0.0040944396,0.9741813,neutral (sarcastic unclear)
myaz1po,LABEL_1,not sarcastic,0.0023488966,0.98907244,0.008578614,0.003060238,neutral
myaz0hx,LABEL_1,not sarcastic,0.02720928,0.9129021,0.059888598,0.00091332145,neutral
myb9ujp,LABEL_2,not sarcastic,0.07051371,0.12583172,0.8036546,0.0012749989,neutral
myb2d0t,LABEL_1,not sarcastic,0.0013793018,0.908521,0.090099744,0.04816561,positive
myb0emq,LABEL_1,not sarcastic,0.003947272,0.9858845,0.010168238,0.015043435,neutral
mybicof,LABEL_1,not sarcastic,0.00091902906,0.98688644,0.012194465,0.016473204,neutral
my9bv24,LABEL_1,sarcastic,0.0015526739,0.9944219,0.0040254043,0.9802044,neutral (sarcastic unclear)
my9codm,LABEL_1,not sarcastic,0.0011644375,0.99590945,0.0029260952,0.0011678215,neutral
my9ksto,LABEL_1,not sarcastic,0.0144760115,0.8479083,0.13761568,0.0020556913,neutral
my9fyr1,LABEL_1,not sarcastic,0.0025459945,0.99182034,0.0056337253,0.0053595356,neutral
my9dxb2,LABEL_1,not sarcastic,0.042788036,0.9363096,0.020902352,0.0007381116,neutral
my5315q,LABEL_1,sarcastic,0.0015370229,0.9944348,0.0040282384,0.95672196,neutral (sarcastic unclear)
my5fesq,LABEL_1,not sarcastic,0.013863414,0.9786285,0.0075081503,0.0012104565,neutral
my87den,LABEL_1,not sarcastic,0.024035126,0.9726476,0.0033172641,0.0015931498,negative
my2xdu4,LABEL_1,sarcastic,0.0015490678,0.99441177,0.004039105,0.96314937,neutral (sarcastic unclear)
my2zkws,LABEL_1,not sarcastic,0.023998499,0.9238848,0.052116744,0.0030628068,neutral
my33vau,LABEL_1,not sarcastic,0.0027516612,0.9911566,0.006091779,0.008076281,neutral
my796mp,LABEL_2,not sarcastic,0.0072201164,0.14724018,0.8455397,0.0010071227,neutral
my30dtv,LABEL_2,not sarcastic,0.00387633,0.291257,0.70486665,0.001211671,neutral
my5ca1g,LABEL_1,not sarcastic,0.0010233852,0.9960705,0.0029060128,0.0022400976,positive
mz7mzv6,LABEL_1,not sarcastic,0.019797944,0.8620852,0.11811687,0.005579637,neutral
mxugk7n,LABEL_1,sarcastic,0.0016137077,0.9945374,0.003848833,0.967974,neutral (sarcastic unclear)
mxuhuf3,LABEL_1,sarcastic,0.0008050622,0.9946517,0.0045432174,0.9967789,neutral (sarcastic unclear)
mxuhb2l,LABEL_1,not sarcastic,0.0026070084,0.99414474,0.0032482347,0.0031627542,neutral
mxukrw7,LABEL_1,sarcastic,0.0023563083,0.99181163,0.0058320835,0.8094169,neutral (sarcastic unclear)
mxv3nvb,LABEL_1,not sarcastic,0.05268629,0.93328184,0.014031774,0.0021681571,neutral
mxv17lz,LABEL_1,not sarcastic,0.002069988,0.9928773,0.005052685,0.003780347,neutral
mxuh30l,LABEL_1,not sarcastic,0.0025314281,0.9935614,0.003907173,0.0007511617,neutral
mxrqoit,LABEL_1,sarcastic,0.0015512174,0.9944569,0.0039918674,0.9532882,neutral (sarcastic unclear)
mxrse5r,LABEL_1,not sarcastic,0.33929506,0.6480095,0.012695446,0.0012822793,positive
mxrzpsf,LABEL_2,not sarcastic,0.0023852063,0.44246334,0.5551515,0.0027616064,neutral
mxruwvr,LABEL_1,not sarcastic,0.002273308,0.9939275,0.0037992622,0.010880286,neutral
mxrr8t2,LABEL_1,not sarcastic,0.43911514,0.5483337,0.0125512425,0.025667327,positive
mxs44xa,LABEL_1,not sarcastic,0.0011170113,0.995665,0.003217996,0.00071897125,neutral (sarcastic unclear)
mxrzvkk,LABEL_1,not sarcastic,0.030492777,0.9579901,0.011517093,0.00069140084,neutral
mxmzm5p,LABEL_1,sarcastic,0.0015215985,0.9944559,0.0040226365,0.9476307,neutral (sarcastic unclear)
mxn2amu,LABEL_1,not sarcastic,0.0071205148,0.99001735,0.0028622563,0.0032486338,neutral
mxnln0p,LABEL_1,not sarcastic,0.0029617508,0.9872061,0.009832181,0.0010731523,neutral
mxo4u4a,LABEL_1,not sarcastic,0.0010538549,0.9932361,0.0057099718,0.005690573,neutral
mxq2uid,LABEL_1,not sarcastic,0.0010339285,0.9953198,0.0036462564,0.00076757395,neutral
mxrbdpz,LABEL_1,not sarcastic,0.0011072188,0.99566865,0.0032241193,0.020131618,neutral
mxn0qaz,LABEL_1,not sarcastic,0.0033036093,0.98141587,0.015280623,0.0035884634,neutral
my1qfjv,LABEL_1,not sarcastic,0.0021667466,0.5381252,0.459708,0.001517476,neutral
mxdqhtv,LABEL_1,sarcastic,0.0015423935,0.9944173,0.0040403255,0.954549,neutral (sarcastic unclear)
mxdr10a,LABEL_1,not sarcastic,0.0040082005,0.90880233,0.08718947,0.0034933663,negative (sarcastic bearish)
mxdrdus,LABEL_2,not sarcastic,0.0012710493,0.019666364,0.97906256,0.007357658,neutral
mxdryft,LABEL_1,not sarcastic,0.0015303117,0.9947891,0.0036806408,0.0013964481,neutral
mxdrdqu,LABEL_1,sarcastic,0.009271712,0.53644365,0.45428458,0.99822515,neutral (sarcastic unclear)
mxdsvpn,LABEL_1,not sarcastic,0.0018484243,0.99457884,0.003572727,0.04457152,neutral
mxapr11,LABEL_1,sarcastic,0.0015508512,0.99439466,0.0040544863,0.9485818,neutral (sarcastic unclear)
mxaqhk6,LABEL_1,sarcastic,0.0628467,0.92840356,0.008749702,0.77688754,neutral (sarcastic unclear)
mxasmjx,LABEL_1,not sarcastic,0.09307217,0.9006771,0.006250778,0.0027164177,neutral (sarcastic unclear)
mxawoym,LABEL_1,not sarcastic,0.002878887,0.9941909,0.0029301748,0.0030324564,neutral
mxay95e,LABEL_0,not sarcastic,0.6724487,0.31852934,0.009021893,0.00066732464,neutral (sarcastic unclear)
mxaqm0q,LABEL_1,not sarcastic,0.0009809997,0.993863,0.005156046,0.0014306648,neutral
mxaqp3l,LABEL_1,not sarcastic,0.0016148968,0.9953727,0.0030123952,0.0013462115,neutral (sarcastic unclear)
mx76qdp,LABEL_1,sarcastic,0.0015393493,0.9944101,0.004050454,0.96027464,neutral (sarcastic unclear)
mx7ajes,LABEL_1,not sarcastic,0.0019015172,0.9912486,0.006849899,0.0007656031,neutral
mx3x33a,LABEL_1,sarcastic,0.0015339333,0.99439466,0.004071465,0.93502617,neutral (sarcastic unclear)
mx4c6sh,LABEL_1,not sarcastic,0.0036403611,0.99185055,0.0045091226,0.0015903816,neutral
mx40r2d,LABEL_1,not sarcastic,0.0047373776,0.8900977,0.10516496,0.0024140703,neutral
mx764r0,LABEL_2,not sarcastic,0.0033818802,0.030335465,0.96628267,0.00076204375,neutral
mx3rwa0,LABEL_1,sarcastic,0.0016314407,0.99449277,0.0038758598,0.97357035,neutral (sarcastic unclear)
mx3suq9,LABEL_0,not sarcastic,0.9517552,0.037190605,0.011054081,0.0007376946,neutral
mx3sjxc,LABEL_1,not sarcastic,0.0023844051,0.9592247,0.03839094,0.0055497065,neutral
mx414wj,LABEL_1,not sarcastic,0.0013225558,0.9924005,0.006276918,0.0004500409,neutral
mx3szzg,LABEL_2,sarcastic,0.0032010449,0.11155587,0.8852431,0.99797577,neutral (sarcastic unclear)
mx4tgkb,LABEL_0,not sarcastic,0.554729,0.43492085,0.0103502385,0.0012639018,negative (sarcastic bearish)
mx3ux8f,LABEL_1,not sarcastic,0.023123128,0.90651405,0.07036285,0.0016069708,neutral
mx3ukay,LABEL_1,not sarcastic,0.0034923125,0.98735017,0.009157501,0.10484121,neutral
mx3112p,LABEL_1,sarcastic,0.0015421626,0.994369,0.0040888367,0.96382695,neutral (sarcastic unclear)
mx3fapj,LABEL_2,not sarcastic,0.0055247764,0.16792999,0.8265452,0.007106024,negative
mx3grw2,LABEL_1,not sarcastic,0.0021897473,0.993733,0.004077175,0.00084467616,neutral
mxln4g7,LABEL_1,not sarcastic,0.00207168,0.9894996,0.00842864,0.0017561987,neutral
mx2mia2,LABEL_1,sarcastic,0.0015303089,0.99444157,0.004028118,0.94772923,neutral (sarcastic unclear)
mx2nuu0,LABEL_1,not sarcastic,0.0017648615,0.99215263,0.0060824896,0.0011875876,neutral
mx2nnf0,LABEL_2,not sarcastic,0.0046225865,0.14374192,0.8516355,0.014409283,neutral
mx2nk75,LABEL_1,not sarcastic,0.0010592609,0.9957301,0.003210627,0.00081213756,neutral
mx2p0i0,LABEL_1,not sarcastic,0.0012017644,0.99412954,0.004668674,0.0013758064,neutral
mx2o2uh,LABEL_1,not sarcastic,0.008447632,0.5706156,0.42093688,0.0007290043,neutral (sarcastic unclear)
mx2xmle,LABEL_1,sarcastic,0.0012687279,0.99617565,0.0025556106,0.99145293,neutral (sarcastic unclear)
mx2kgke,LABEL_1,sarcastic,0.0015233348,0.99444145,0.004035194,0.95286477,neutral (sarcastic unclear)
mx2la3k,LABEL_1,not sarcastic,0.0025396135,0.9916966,0.005763755,0.006539373,neutral
mx2t778,LABEL_1,not sarcastic,0.004886619,0.9886486,0.006464754,0.0036598255,neutral
mx2qi2w,LABEL_1,not sarcastic,0.013302345,0.96859443,0.018103281,0.00072835403,neutral
mx2m84i,LABEL_1,sarcastic,0.011181601,0.92768556,0.06113283,0.8745008,neutral (sarcastic unclear)
mx39m5c,LABEL_1,not sarcastic,0.0027306175,0.99149984,0.005769595,0.0073688244,neutral
mx2lgwx,LABEL_1,not sarcastic,0.0011883737,0.9961506,0.0026610221,0.004415026,neutral
mx2326j,LABEL_1,sarcastic,0.001524699,0.9944606,0.0040148236,0.95623195,neutral (sarcastic unclear)
mx258hr,LABEL_1,not sarcastic,0.023790302,0.9476567,0.028552907,0.0010437896,neutral
mx26enp,LABEL_1,not sarcastic,0.01190544,0.97964364,0.008450921,0.0016143789,neutral
mx26k5c,LABEL_1,not sarcastic,0.479364,0.5074821,0.013153857,0.0008861948,negative
mx26ncf,LABEL_1,not sarcastic,0.0034372173,0.7882086,0.20835412,0.0038187802,neutral
mx2ebdq,LABEL_1,not sarcastic,0.4416136,0.5401635,0.018222861,0.00073282485,neutral
mx2fryh,LABEL_0,not sarcastic,0.9695892,0.02579139,0.004619477,0.0020289614,neutral
mx24qgg,LABEL_1,not sarcastic,0.009481267,0.9586971,0.03182163,0.23973255,neutral
mx1fvl9,LABEL_1,sarcastic,0.001544526,0.9944142,0.004041274,0.95174295,neutral (sarcastic unclear)
mx2pgwz,LABEL_0,not sarcastic,0.932855,0.054963253,0.012181711,0.0014321068,neutral (sarcastic unclear)
mx1h9tm,LABEL_1,not sarcastic,0.007562047,0.98840255,0.0040354673,0.001496803,neutral
mx3dzam,LABEL_1,not sarcastic,0.002931118,0.98915523,0.007913627,0.001229475,neutral
mx2xeoi,LABEL_2,not sarcastic,0.002846037,0.027650248,0.96950376,0.0023797802,neutral
mx6al0t,LABEL_1,not sarcastic,0.0056499275,0.99106616,0.0032839137,0.0006584561,neutral
mx37plj,LABEL_1,not sarcastic,0.002012339,0.95724756,0.040740043,0.0015931498,positive
mx2oz5f,LABEL_1,sarcastic,0.0020120367,0.9799944,0.017993575,0.99863714,neutral (sarcastic unclear)
mx16qy9,LABEL_1,sarcastic,0.0015234618,0.9943508,0.0041257576,0.94077843,neutral (sarcastic unclear)
mx1cjb8,LABEL_0,not sarcastic,0.94434124,0.048954777,0.0067038704,0.0009184115,neutral
mx1kmxw,LABEL_1,not sarcastic,0.001511123,0.99463236,0.0038564424,0.0013746839,neutral
mx17tmi,LABEL_1,not sarcastic,0.003947272,0.9858845,0.010168238,0.015043435,neutral
mx19bd8,LABEL_0,sarcastic,0.87607837,0.1099534,0.013968151,0.9970535,neutral (sarcastic unclear)
mx1g7cw,LABEL_1,not sarcastic,0.003582587,0.98413867,0.012278742,0.018746264,neutral
mwwr63r,LABEL_1,sarcastic,0.0016314407,0.99449277,0.0038758598,0.97357035,neutral (sarcastic unclear)
mwwsys1,LABEL_1,not sarcastic,0.0024101483,0.9921183,0.005471666,0.0055655,neutral
mwx4l00,LABEL_0,not sarcastic,0.9793241,0.016326046,0.0043499493,0.0006911597,neutral
mwwvl2l,LABEL_1,sarcastic,0.009874765,0.9799938,0.010131363,0.7643701,positive
mwwxh6b,LABEL_1,not sarcastic,0.0008547785,0.9954234,0.0037218377,0.0008598344,neutral
mwwxo5t,LABEL_1,not sarcastic,0.0068469807,0.98542285,0.007730177,0.00083701895,neutral
mwkonji,LABEL_1,sarcastic,0.0015334516,0.9944337,0.004032789,0.9525606,neutral (sarcastic unclear)
mwkqmhm,LABEL_1,not sarcastic,0.0012706108,0.99580526,0.0029240553,0.00088409736,neutral
mwlxt04,LABEL_2,not sarcastic,0.0026359078,0.12043167,0.8769325,0.0019071546,positive
mwl8iz3,LABEL_1,not sarcastic,0.0017404634,0.97252524,0.025734192,0.0006317137,neutral
mwbug9b,LABEL_1,sarcastic,0.0015281509,0.99440765,0.004064217,0.96278036,neutral (sarcastic unclear)
mwbstcs,LABEL_1,sarcastic,0.00150437,0.9944285,0.0040672086,0.9612334,neutral (sarcastic unclear)
mwbxciq,LABEL_1,not sarcastic,0.003947272,0.9858845,0.010168238,0.015043435,neutral
mw93f2j,LABEL_1,sarcastic,0.0015568335,0.99440515,0.004038082,0.9644555,neutral (sarcastic unclear)
mw94v99,LABEL_1,not sarcastic,0.003947272,0.9858845,0.010168238,0.015043435,neutral
mw96w4e,LABEL_1,not sarcastic,0.0028044446,0.994125,0.0030705554,0.00083843985,neutral
mw95wfk,LABEL_1,not sarcastic,0.0020049026,0.9928457,0.005149386,0.0007457489,neutral
mw9caus,LABEL_1,sarcastic,0.008198013,0.8486404,0.14316167,0.9246234,positive (sarcastic bullish)
mw948ry,LABEL_1,not sarcastic,0.002911976,0.99117774,0.0059102615,0.0073390147,neutral
mw8vcsk,LABEL_1,sarcastic,0.0015544909,0.99441177,0.0040337406,0.9581243,neutral (sarcastic unclear)
mw8vslg,LABEL_1,not sarcastic,0.0029436918,0.9906549,0.0064014816,0.0074611665,neutral
mw8yn9k,LABEL_1,not sarcastic,0.0028778631,0.9914937,0.0056285057,0.007426074,neutral
mw8vudx,LABEL_1,not sarcastic,0.009561139,0.9334313,0.057007484,0.24904153,neutral
mw8wyvh,LABEL_0,not sarcastic,0.97498655,0.019931963,0.005081516,0.0007750364,negative
mw8yj60,LABEL_1,sarcastic,0.018077558,0.9772939,0.0046285545,0.9836205,neutral (sarcastic unclear)
mw98rrq,LABEL_0,sarcastic,0.97656983,0.019244485,0.004185575,0.9991763,positive (sarcastic bullish)
mw8bumd,LABEL_1,sarcastic,0.0015170466,0.9944031,0.004079786,0.94953114,neutral (sarcastic unclear)
mw8cyi7,LABEL_1,not sarcastic,0.004888724,0.988192,0.00691918,0.0006251664,neutral
mw8c6i6,LABEL_1,sarcastic,0.002523533,0.9938836,0.0035928667,0.9954699,neutral (sarcastic unclear)
mw8vxqv,LABEL_1,not sarcastic,0.0010356202,0.994663,0.0043013613,0.00057823973,positive
mwa1uoj,LABEL_1,not sarcastic,0.0012412337,0.99501747,0.003741385,0.0010427659,positive
mw88ugf,LABEL_1,sarcastic,0.0015591453,0.99450845,0.003932462,0.93030465,neutral (sarcastic unclear)
mw8itys,LABEL_1,not sarcastic,0.0027587966,0.9912162,0.006024956,0.00873893,neutral
mw98ynn,LABEL_1,sarcastic,0.0022132506,0.9627745,0.035012268,0.99831605,neutral (sarcastic unclear)
mw8g9o5,LABEL_1,not sarcastic,0.020838708,0.8510309,0.12813045,0.06603049,neutral
mw89qbi,LABEL_0,not sarcastic,0.9712593,0.02203056,0.0067101587,0.0051165344,neutral
mw88uni,LABEL_1,sarcastic,0.0016844177,0.9944745,0.0038412027,0.9327717,neutral (sarcastic unclear)
mw89x9n,LABEL_1,not sarcastic,0.0021568108,0.9914464,0.0063967854,0.0006341669,neutral
mw89279,LABEL_1,not sarcastic,0.0009823255,0.9962047,0.0028130317,0.00049182895,positive
myd28x7,LABEL_1,not sarcastic,0.0042802095,0.9887806,0.006939202,0.30568072,neutral
myvj3ra,LABEL_1,not sarcastic,0.003053988,0.972038,0.024908042,0.0019169106,neutral
mw85lvl,LABEL_1,sarcastic,0.0015275355,0.9943709,0.0041016154,0.9721771,neutral (sarcastic unclear)
mw8648x,LABEL_0,not sarcastic,0.79251176,0.18430538,0.023182895,0.0013071919,neutral
mw8ar9b,LABEL_1,not sarcastic,0.23770164,0.7471839,0.015114379,0.00058003527,neutral
mw8gie7,LABEL_1,not sarcastic,0.0011088457,0.9962334,0.0026577562,0.0009981329,neutral
mw873pt,LABEL_1,not sarcastic,0.006706708,0.9791333,0.014160036,0.0011567587,neutral
mw9jhid,LABEL_1,not sarcastic,0.35492355,0.60298526,0.0420912,0.00085819705,negative
mw804xu,LABEL_1,sarcastic,0.0015485482,0.99443996,0.004011476,0.95611,neutral (sarcastic unclear)
mw80j7f,LABEL_1,not sarcastic,0.0018814182,0.99417216,0.003946428,0.00061432907,neutral
mw84shg,LABEL_1,not sarcastic,0.0029386866,0.9908468,0.0062145703,0.0059659537,neutral
mw81jlv,LABEL_1,not sarcastic,0.0026218402,0.99163073,0.0057474407,0.005244871,neutral
mw81u20,LABEL_1,not sarcastic,0.0022451112,0.9933302,0.0044246446,0.0013074346,neutral
mw83vns,LABEL_1,not sarcastic,0.00275866,0.99146867,0.0057726935,0.011559359,neutral
mw87hpj,LABEL_2,not sarcastic,0.0026932072,0.25190476,0.745402,0.0006030572,neutral
mw7gdwl,LABEL_1,sarcastic,0.0015529157,0.9944496,0.0039973846,0.9513821,neutral (sarcastic unclear)
mw77h4d,LABEL_1,sarcastic,0.001507695,0.9944161,0.004076287,0.9617042,neutral (sarcastic unclear)
mw77ppm,LABEL_1,not sarcastic,0.0014814112,0.9956767,0.002841938,0.0006143659,neutral
mw77yll,LABEL_1,not sarcastic,0.016611036,0.6201822,0.36320674,0.002573218,neutral
mw7atqk,LABEL_1,not sarcastic,0.0027077661,0.98036593,0.016926367,0.0013032393,neutral
mw77fal,LABEL_1,sarcastic,0.0015574463,0.99438584,0.004056728,0.9544883,neutral (sarcastic unclear)
mw7i78j,LABEL_1,sarcastic,0.0028069674,0.99413294,0.0030600575,0.99910176,neutral (sarcastic unclear)
mw7l1t2,LABEL_1,not sarcastic,0.006284666,0.98722804,0.0064872736,0.0024457497,neutral
mw7xrxk,LABEL_1,not sarcastic,0.002611382,0.99137443,0.0060141967,0.0022196958,neutral
mw7n70z,LABEL_1,sarcastic,0.019413678,0.9513111,0.029275173,0.786266,neutral (sarcastic unclear)
mw7nwps,LABEL_1,not sarcastic,0.0009859687,0.99547607,0.0035379902,0.0017958567,neutral
mwalx15,LABEL_1,sarcastic,0.0032480967,0.9892631,0.0074887653,0.91009897,neutral (sarcastic unclear)
mw72g0l,LABEL_1,sarcastic,0.0015466764,0.99443215,0.0040211426,0.971414,neutral (sarcastic unclear)
mw72rpn,LABEL_1,not sarcastic,0.0028068854,0.9830972,0.014095841,0.0013332709,neutral
mw72ywo,LABEL_0,not sarcastic,0.5951439,0.39610046,0.008755594,0.00061101525,neutral
mw72sv5,LABEL_1,not sarcastic,0.00406432,0.9927959,0.0031398097,0.00055290485,neutral
mw733e6,LABEL_1,not sarcastic,0.0009552031,0.9957689,0.0032758869,0.0008235305,neutral
mw74htd,LABEL_0,not sarcastic,0.8790389,0.11282013,0.008141038,0.00055802177,neutral
mw72fjg,LABEL_1,sarcastic,0.0015276382,0.9944614,0.0040109367,0.9430204,neutral (sarcastic unclear)
mw72rsv,LABEL_1,not sarcastic,0.0042564096,0.99000835,0.0057352255,0.00985891,neutral
mw7d2vy,LABEL_1,sarcastic,0.20512149,0.693512,0.101366416,0.9819488,neutral (sarcastic unclear)
mwabghp,LABEL_1,sarcastic,0.009011863,0.9268918,0.06409632,0.9956084,neutral (sarcastic unclear)
mw71mmf,LABEL_1,sarcastic,0.0015281393,0.9944518,0.004020058,0.9591499,neutral (sarcastic unclear)
mw729fl,LABEL_1,not sarcastic,0.003582587,0.98413867,0.012278742,0.018746264,neutral
mw7lzg8,LABEL_1,not sarcastic,0.002839533,0.9909877,0.0061728014,0.01179062,neutral
mw77hcj,LABEL_1,not sarcastic,0.20705572,0.783535,0.009409313,0.0008000737,neutral
mw7cstq,LABEL_1,not sarcastic,0.0030183268,0.991959,0.005022707,0.008209469,neutral
mw70we0,LABEL_1,sarcastic,0.0015316498,0.99440974,0.0040586037,0.9588655,neutral (sarcastic unclear)
mw7yu5l,LABEL_0,not sarcastic,0.93900484,0.052557435,0.008437799,0.0026022296,negative
mw720d8,LABEL_1,not sarcastic,0.013532355,0.87962216,0.106845506,0.0004230701,neutral
mw7190n,LABEL_1,not sarcastic,0.0013156073,0.9952129,0.0034714548,0.00089143706,neutral
mw6vs3i,LABEL_1,sarcastic,0.0015252574,0.9943922,0.0040825615,0.96210116,neutral (sarcastic unclear)
mw6wy3j,LABEL_1,not sarcastic,0.0013367072,0.99414223,0.0045210845,0.0009678676,neutral
mw6xlcy,LABEL_1,not sarcastic,0.0032861033,0.9919985,0.004715415,0.06345781,neutral
mw6w6dm,LABEL_1,not sarcastic,0.003947272,0.9858845,0.010168238,0.015043435,neutral
mw6zpkx,LABEL_1,not sarcastic,0.0008629841,0.9948468,0.0042902213,0.0005591764,neutral
mw938jr,LABEL_1,not sarcastic,0.0029984259,0.74004966,0.25695193,0.046343558,neutral
mw6w2pm,LABEL_1,not sarcastic,0.049327824,0.8437739,0.10689824,0.004822121,neutral
mw6yqjv,LABEL_1,not sarcastic,0.02793088,0.90061826,0.07145087,0.0013837974,neutral
mw6ucpc,LABEL_1,sarcastic,0.0016311269,0.9944997,0.0038691706,0.9723698,neutral (sarcastic unclear)
mw6v0uf,LABEL_0,not sarcastic,0.7297455,0.2600797,0.010174761,0.0039627748,negative
mw6uqap,LABEL_1,not sarcastic,0.00091272756,0.99336064,0.0057265144,0.0022528653,neutral (sarcastic unclear)
mw6xoiz,LABEL_1,not sarcastic,0.0030010988,0.9876478,0.009351075,0.0021686791,neutral
mw6urd3,LABEL_1,not sarcastic,0.023123128,0.90651405,0.07036285,0.0016069708,neutral
mw6usi6,LABEL_1,not sarcastic,0.002543722,0.9916654,0.005790813,0.006112909,neutral
mw6v35n,LABEL_1,not sarcastic,0.004518668,0.96935344,0.026127914,0.00063496456,neutral
mw6v4nq,LABEL_1,not sarcastic,0.001531883,0.99430555,0.0041625313,0.36469582,neutral
mw6w7d6,LABEL_0,not sarcastic,0.8522953,0.13526803,0.012436744,0.0018859889,neutral (sarcastic unclear)
mw6tio4,LABEL_1,sarcastic,0.0015439733,0.9944301,0.004025944,0.95967287,neutral (sarcastic unclear)
mw6tqju,LABEL_1,not sarcastic,0.019213222,0.889697,0.09108976,0.0027903111,neutral
mw6u447,LABEL_1,not sarcastic,0.0025501954,0.9942298,0.0032199775,0.0020722146,neutral
mw6ueo5,LABEL_1,not sarcastic,0.002558707,0.9917005,0.0057407836,0.005543605,neutral
mw6uv0a,LABEL_1,not sarcastic,0.0020748642,0.99322975,0.004695353,0.0052061714,neutral
mw6x6zf,LABEL_1,not sarcastic,0.40219814,0.58254737,0.015254504,0.0014867343,positive
mw6wf6r,LABEL_1,not sarcastic,0.0028519845,0.99030745,0.0068406123,0.0039222348,neutral
mw6sjtg,LABEL_1,sarcastic,0.0015257326,0.9944511,0.0040231138,0.94823027,neutral (sarcastic unclear)
mw6tee7,LABEL_1,sarcastic,0.0020278653,0.99182844,0.0061437283,0.9963779,neutral (sarcastic unclear)
mw6untz,LABEL_1,not sarcastic,0.035736676,0.9089197,0.055343688,0.0035818508,neutral
mw6tt3m,LABEL_1,not sarcastic,0.0009786357,0.99597955,0.0030417026,0.0111636305,neutral
mw6ujbo,LABEL_1,not sarcastic,0.0040040617,0.9928832,0.0031127152,0.003019245,neutral
mw6qc0h,LABEL_1,sarcastic,0.0015291282,0.99441236,0.0040585254,0.9535246,neutral (sarcastic unclear)
mw6qol3,LABEL_1,not sarcastic,0.0013947432,0.99217457,0.0064307107,0.00064653595,neutral
mw6umqj,LABEL_0,sarcastic,0.9842694,0.0101857735,0.0055448795,0.71845853,neutral (sarcastic unclear)
mw78qgd,LABEL_0,not sarcastic,0.90448916,0.0826103,0.012900566,0.0033649139,neutral
mw6uo91,LABEL_1,not sarcastic,0.000807032,0.9960575,0.0031353803,0.00064907316,positive
mw8dq4g,LABEL_0,not sarcastic,0.5603421,0.42389455,0.015763469,0.004993281,neutral
mw92ifr,LABEL_0,not sarcastic,0.951292,0.04206762,0.006640407,0.00069651235,positive
mw6obn3,LABEL_1,sarcastic,0.0014792447,0.9946056,0.0039151455,0.9428911,neutral (sarcastic unclear)
mw6opli,LABEL_0,not sarcastic,0.9751482,0.014328132,0.010523703,0.002126197,neutral
mw6ptir,LABEL_1,not sarcastic,0.0020596136,0.985636,0.012304374,0.0021794424,neutral
mw6p91n,LABEL_1,not sarcastic,0.0021340894,0.9148329,0.083032966,0.0016861398,neutral
mw6s40i,LABEL_1,not sarcastic,0.0065422235,0.9892029,0.0042548287,0.29280385,neutral
mw6t1cc,LABEL_1,not sarcastic,0.0012859487,0.99544096,0.0032730752,0.35322526,neutral
mzcg4ex,LABEL_1,not sarcastic,0.0016720311,0.98826075,0.010067256,0.0018329438,neutral
mw6ltd4,LABEL_1,sarcastic,0.0015050045,0.9944594,0.004035613,0.95277864,neutral (sarcastic unclear)
mw6s1fl,LABEL_1,sarcastic,0.004003764,0.99199647,0.003999776,0.8615238,neutral (sarcastic unclear)
mw6mf7b,LABEL_2,sarcastic,0.0026893353,0.13792318,0.85938746,0.9937264,neutral (sarcastic unclear)
mw6myre,LABEL_1,not sarcastic,0.0025688706,0.9912889,0.0061421786,0.0063984864,neutral
mw6wupc,LABEL_1,not sarcastic,0.0009330104,0.995806,0.0032609317,0.00044437146,neutral
mw6c8wd,LABEL_1,sarcastic,0.0015352229,0.99445456,0.0040102266,0.950016,neutral (sarcastic unclear)
mw6csx3,LABEL_1,not sarcastic,0.0032646558,0.986955,0.009780349,0.002467943,neutral
mw6nb8q,LABEL_1,not sarcastic,0.002165998,0.9917297,0.006104374,0.0044581676,neutral
mw6lh8j,LABEL_1,not sarcastic,0.3922442,0.574607,0.033148844,0.0012471088,neutral
mw6m1pb,LABEL_1,not sarcastic,0.02125951,0.97479534,0.003945094,0.016234042,positive
mw6sx3c,LABEL_1,not sarcastic,0.0026261208,0.99127966,0.0060942792,0.013015025,neutral
mw5rkl0,LABEL_1,sarcastic,0.0015648303,0.99447757,0.003957588,0.94382083,neutral (sarcastic unclear)
mw5t6ex,LABEL_2,not sarcastic,0.0020953969,0.040016837,0.9578877,0.0007152038,neutral
mw64dp2,LABEL_0,not sarcastic,0.6498766,0.33875605,0.011367281,0.0033247815,neutral
mw6h3x6,LABEL_1,not sarcastic,0.0012696253,0.99501437,0.0037159894,0.0010475651,neutral
mw7efzi,LABEL_1,sarcastic,0.0041543213,0.98201686,0.01382884,0.9565727,neutral (sarcastic unclear)
mw6g6dw,LABEL_1,not sarcastic,0.001011082,0.9959403,0.0030485985,0.0013248065,neutral
mw52m9l,LABEL_1,sarcastic,0.0017088932,0.9944349,0.0038563332,0.9428233,neutral (sarcastic unclear)
mw53683,LABEL_2,not sarcastic,0.015863568,0.27321687,0.7109195,0.005463385,neutral
mw53rdb,LABEL_2,not sarcastic,0.003541506,0.108023,0.8884355,0.0006313686,neutral
mw5ic2r,LABEL_1,not sarcastic,0.0031968392,0.9907017,0.006101446,0.0006050974,neutral
mw1uvlq,LABEL_1,sarcastic,0.0015199229,0.99441284,0.0040672566,0.96205163,neutral (sarcastic unclear)
mw1v70c,LABEL_1,not sarcastic,0.001377415,0.99542916,0.0031934103,0.12330257,neutral
mw1vku3,LABEL_1,not sarcastic,0.021252904,0.96864814,0.010098893,0.026353443,neutral
mw1x6wb,LABEL_1,not sarcastic,0.00439065,0.9920116,0.003597688,0.00059933215,neutral
mw1x33p,LABEL_1,not sarcastic,0.005154515,0.8662422,0.12860326,0.0005341091,neutral
mw1vmhw,LABEL_0,sarcastic,0.81192684,0.17544337,0.012629862,0.9980427,neutral (sarcastic unclear)
mw25fsq,LABEL_1,not sarcastic,0.0013293689,0.99499315,0.0036774972,0.0016753067,neutral
mw205rb,LABEL_1,not sarcastic,0.0025362403,0.9919348,0.005528965,0.0068322658,neutral
mw1vq6q,LABEL_1,not sarcastic,0.005512,0.9661194,0.028368542,0.00076781906,neutral
mw08ddv,LABEL_1,sarcastic,0.0016314407,0.99449277,0.0038758598,0.97357035,neutral (sarcastic unclear)
mw08wn0,LABEL_1,not sarcastic,0.01020307,0.9862055,0.0035913524,0.0010362975,neutral
mw2729e,LABEL_0,sarcastic,0.6830576,0.30871084,0.008231495,0.9617494,neutral (sarcastic unclear)
mw08s0d,LABEL_1,not sarcastic,0.002374252,0.99065536,0.0069703567,0.0047657955,positive
mw0o91k,LABEL_1,not sarcastic,0.0016157965,0.99604553,0.0023386632,0.0013523502,neutral
mw0azuh,LABEL_1,not sarcastic,0.0011285009,0.99468756,0.004184008,0.0011610267,neutral
mw0cn0w,LABEL_1,not sarcastic,0.016433666,0.9748286,0.00873774,0.0038942306,neutral
mw4uahf,LABEL_1,not sarcastic,0.0026618673,0.99162173,0.005716433,0.005932953,neutral
mvuin8w,LABEL_1,sarcastic,0.0015379279,0.99443793,0.0040242216,0.9628841,neutral (sarcastic unclear)
mvul4qg,LABEL_1,not sarcastic,0.16883746,0.80328697,0.027875526,0.16045585,neutral
mvuj7v3,LABEL_1,sarcastic,0.0023465073,0.9878213,0.0098321065,0.9983474,neutral (sarcastic unclear)
mvukkaf,LABEL_1,not sarcastic,0.0021882139,0.9881087,0.009703081,0.000923076,neutral
mvuk10j,LABEL_1,not sarcastic,0.0033061395,0.97123563,0.02545826,0.0024722223,neutral
mvukwof,LABEL_1,not sarcastic,0.089778386,0.897493,0.012728508,0.0022667083,negative
mvusa75,LABEL_1,not sarcastic,0.0014895607,0.99225813,0.006252229,0.0009801189,neutral
mvvoqcm,LABEL_1,not sarcastic,0.002134489,0.99407,0.0037955442,0.0032317764,neutral (sarcastic unclear)
mvtez03,LABEL_1,sarcastic,0.0015574697,0.9944226,0.0040199114,0.9537179,neutral (sarcastic unclear)
mvth3hg,LABEL_1,sarcastic,0.004201812,0.9909395,0.004858698,0.9993843,neutral (sarcastic unclear)
mvtfel5,LABEL_1,not sarcastic,0.0017812336,0.9308295,0.06738923,0.0007953589,neutral
mvtkphp,LABEL_1,not sarcastic,0.001824941,0.99468744,0.0034876608,0.0011197932,neutral
mvtk2d4,LABEL_1,not sarcastic,0.0013709073,0.99506336,0.0035657415,0.0006796932,neutral (sarcastic unclear)
mvtj8hy,LABEL_0,not sarcastic,0.5764132,0.37312388,0.050462905,0.001108444,neutral
mvtgc0w,LABEL_1,not sarcastic,0.0015092312,0.9927938,0.005697075,0.009183232,neutral
mvtb4v2,LABEL_1,sarcastic,0.0015186975,0.99447095,0.0040103574,0.94109315,neutral (sarcastic unclear)
mvtdrrj,LABEL_1,not sarcastic,0.0021359657,0.99407405,0.0037899858,0.019188765,neutral
mvuqaon,LABEL_1,not sarcastic,0.12787247,0.85654706,0.015580526,0.001692786,neutral
mvx6kcq,LABEL_1,not sarcastic,0.0012304495,0.99514127,0.003628281,0.0012328124,neutral
mvtc07x,LABEL_1,sarcastic,0.0010473966,0.99628544,0.0026671605,0.9521167,neutral (sarcastic unclear)
mvtdljm,LABEL_2,not sarcastic,0.036540076,0.34209496,0.62136495,0.0008961192,neutral
mvnohlx,LABEL_1,sarcastic,0.0015341956,0.9944096,0.004056154,0.95673966,neutral (sarcastic unclear)
mvnpcoo,LABEL_1,not sarcastic,0.0025135875,0.9917488,0.0057375547,0.008127315,neutral
mvnp5ku,LABEL_1,not sarcastic,0.018257076,0.97284216,0.008900667,0.0014454685,neutral
mvnoyw9,LABEL_1,not sarcastic,0.0008006182,0.99392325,0.0052761845,0.0022145696,neutral
mvnpl7j,LABEL_0,not sarcastic,0.5125512,0.4776799,0.009768845,0.00075208634,positive
mvnt1ma,LABEL_0,sarcastic,0.5663561,0.41254056,0.021103343,0.9991375,neutral (sarcastic unclear)
mvnpufm,LABEL_1,not sarcastic,0.0028318004,0.99082196,0.006346266,0.0052721333,neutral
mvn65g1,LABEL_1,sarcastic,0.0015306871,0.99441516,0.0040542427,0.9712039,neutral (sarcastic unclear)
mvn7awk,LABEL_1,not sarcastic,0.0018699014,0.80645317,0.19167696,0.0013912919,neutral
mvn754j,LABEL_1,not sarcastic,0.017006205,0.972924,0.010069844,0.005331775,neutral
mvn77w6,LABEL_1,not sarcastic,0.0019106135,0.99240655,0.0056828437,0.025707735,neutral
mvn840y,LABEL_1,not sarcastic,0.002615249,0.9915245,0.0058601685,0.004242793,neutral
mvn7l2g,LABEL_1,not sarcastic,0.0191904,0.9732044,0.0076052,0.001812249,neutral
mv66t6b,LABEL_1,sarcastic,0.0015449438,0.9944243,0.004030763,0.96702945,neutral (sarcastic unclear)
mv688ze,LABEL_1,not sarcastic,0.0026672052,0.991299,0.006033785,0.005864393,neutral
mv6z83z,LABEL_1,not sarcastic,0.003582587,0.98413867,0.012278742,0.018746264,neutral
mv6997r,LABEL_1,not sarcastic,0.001915203,0.99113184,0.0069529167,0.0016883074,neutral
mv6fewo,LABEL_1,not sarcastic,0.0028376454,0.99094397,0.0062184436,0.0068680663,neutral
mv6cy90,LABEL_1,not sarcastic,0.006038277,0.9903156,0.0036461183,0.0016739514,neutral
mv6alun,LABEL_1,not sarcastic,0.0009425085,0.9946794,0.004377973,0.0011881568,neutral
musx0g7,LABEL_1,sarcastic,0.0015119619,0.99449664,0.0039914553,0.9544481,neutral (sarcastic unclear)
muszfh4,LABEL_1,sarcastic,0.021182282,0.96818995,0.010627752,0.99913055,neutral (sarcastic unclear)
musxa51,LABEL_1,not sarcastic,0.0013045692,0.99566406,0.0030314012,0.0011386436,neutral
musxqja,LABEL_1,not sarcastic,0.001973512,0.99274457,0.005281888,0.008393302,neutral
musyocq,LABEL_1,not sarcastic,0.0014965453,0.9955741,0.0029293504,0.00081738905,neutral
mut96bw,LABEL_1,not sarcastic,0.0087397415,0.986978,0.0042822454,0.0028399387,neutral
musyzb5,LABEL_1,not sarcastic,0.03560056,0.8209596,0.14343986,0.005881119,neutral
mut138e,LABEL_2,not sarcastic,0.0023246019,0.2699426,0.7277328,0.0011811863,neutral
mut0cqi,LABEL_1,sarcastic,0.11190044,0.87925553,0.008843964,0.9978453,neutral (sarcastic unclear)
mup8ugd,LABEL_1,sarcastic,0.001520745,0.99442035,0.0040588425,0.9653406,neutral (sarcastic unclear)
mupb095,LABEL_1,not sarcastic,0.0014590174,0.892828,0.10571303,0.002200698,neutral
mupb948,LABEL_2,not sarcastic,0.0112089515,0.028879937,0.95991117,0.0016507054,neutral
mupnxqp,LABEL_1,not sarcastic,0.0010712798,0.99145,0.0074787056,0.004320132,positive (sarcastic bullish)
mupz3c6,LABEL_1,not sarcastic,0.0008449667,0.9934057,0.00574927,0.015789859,neutral (sarcastic unclear)
mupcg9g,LABEL_1,not sarcastic,0.0012760779,0.99565244,0.0030714804,0.00079123216,neutral
muq41xf,LABEL_1,not sarcastic,0.0013424599,0.99428445,0.004373047,0.0013731518,neutral
mup7iy5,LABEL_1,sarcastic,0.0015041683,0.9944535,0.004042369,0.9376805,neutral (sarcastic unclear)
mup9gwx,LABEL_1,not sarcastic,0.00084882113,0.9957489,0.0034023053,0.015221294,negative
mupc6fv,LABEL_1,not sarcastic,0.0011700392,0.9962088,0.0026212435,0.0024170624,neutral
mup7oxh,LABEL_1,not sarcastic,0.014068979,0.8378728,0.14805825,0.0031750759,neutral
mups4ys,LABEL_1,not sarcastic,0.002648335,0.99139166,0.0059599928,0.0043734475,neutral
muq6cj8,LABEL_1,not sarcastic,0.008893475,0.9859218,0.005184761,0.001037383,neutral
muqpdb7,LABEL_1,not sarcastic,0.003991596,0.9852485,0.010759918,0.0017189214,neutral
muo9m7v,LABEL_1,sarcastic,0.0015390073,0.9943836,0.0040773666,0.9770717,neutral (sarcastic unclear)
muoa1c4,LABEL_1,not sarcastic,0.023173274,0.9685272,0.008299577,0.0012572982,negative
muohz2g,LABEL_1,not sarcastic,0.0026408692,0.99139345,0.005965716,0.004626432,neutral
muobpdc,LABEL_2,sarcastic,0.0017653167,0.011106019,0.98712873,0.9987808,neutral (sarcastic unclear)
muoawri,LABEL_1,not sarcastic,0.008080808,0.98482,0.00709911,0.005676484,neutral
muo9yre,LABEL_1,not sarcastic,0.002047444,0.9943786,0.003573986,0.009237262,neutral
muofak5,LABEL_1,not sarcastic,0.0014609458,0.9936465,0.004892504,0.0016251551,neutral
muod0xw,LABEL_1,not sarcastic,0.002936668,0.9928114,0.0042519574,0.0007783908,neutral
muljfqx,LABEL_1,sarcastic,0.001549821,0.9943954,0.004054794,0.963656,neutral (sarcastic unclear)
muljvz1,LABEL_1,not sarcastic,0.0017730809,0.99373513,0.004491841,0.0016931607,neutral
mulkexc,LABEL_0,not sarcastic,0.7586999,0.23305765,0.008242484,0.0045207925,neutral
mullh6c,LABEL_0,not sarcastic,0.9588118,0.03652448,0.0046636974,0.0008582878,neutral
mulo4j6,LABEL_2,not sarcastic,0.02247395,0.038564906,0.9389612,0.00077852915,neutral (sarcastic unclear)
mulmr9q,LABEL_1,not sarcastic,0.0027317628,0.99121594,0.0060522766,0.0052895467,neutral
mul8p1n,LABEL_1,sarcastic,0.0015160302,0.994439,0.004045048,0.9487651,neutral (sarcastic unclear)
mul8u7b,LABEL_1,not sarcastic,0.46631214,0.47788262,0.05580533,0.0009362962,negative
mul9z4t,LABEL_1,sarcastic,0.00227044,0.992986,0.004743523,0.9124371,neutral (sarcastic unclear)
muld4d1,LABEL_1,not sarcastic,0.42140707,0.55709267,0.021500254,0.0069180317,negative
mul8y8o,LABEL_1,not sarcastic,0.0012415875,0.9943709,0.004387562,0.0006779142,neutral
mul8zgw,LABEL_1,not sarcastic,0.0066078263,0.9650442,0.028347999,0.00077010755,neutral
muk0af1,LABEL_1,sarcastic,0.0015593683,0.99443734,0.004003352,0.94706476,neutral (sarcastic unclear)
muk1cvn,LABEL_1,sarcastic,0.0008967401,0.9956376,0.003465765,0.8937191,positive
muk35a0,LABEL_0,not sarcastic,0.84944206,0.13155875,0.018999215,0.0008574757,positive
muk3okt,LABEL_1,not sarcastic,0.0078971945,0.9829418,0.009161054,0.0028100167,positive
muk1mpb,LABEL_0,sarcastic,0.9789467,0.016193671,0.004859619,0.6956594,neutral (sarcastic unclear)
mujzea4,LABEL_1,sarcastic,0.0015398939,0.9944442,0.0040158834,0.96320605,neutral (sarcastic unclear)
muk28ak,LABEL_1,not sarcastic,0.002200487,0.9946601,0.0031394118,0.021274343,neutral
mukv7hv,LABEL_0,not sarcastic,0.9660632,0.029197047,0.0047397404,0.0007057216,neutral
muk1u97,LABEL_1,not sarcastic,0.0010864796,0.9952101,0.0037033798,0.0007578568,neutral
muk495b,LABEL_0,not sarcastic,0.59136033,0.36764532,0.040994357,0.004239894,neutral
mun7dfn,LABEL_1,not sarcastic,0.097609036,0.88422805,0.018162934,0.008230296,neutral
muk6tcb,LABEL_1,not sarcastic,0.025912464,0.88751864,0.08656891,0.019431492,neutral
mumsfs2,LABEL_1,not sarcastic,0.016437417,0.9769001,0.006662413,0.0008231275,neutral
mujz74i,LABEL_1,sarcastic,0.0016137077,0.9945374,0.003848833,0.967974,neutral (sarcastic unclear)
muk0g3o,LABEL_2,sarcastic,0.0008782041,0.0062359907,0.99288577,0.99941385,positive (sarcastic bullish)
mujzhs5,LABEL_1,not sarcastic,0.024343614,0.93785495,0.037801374,0.0025759572,neutral (sarcastic unclear)
mumdwji,LABEL_2,not sarcastic,0.0023721086,0.015694667,0.9819332,0.0041454327,neutral (sarcastic unclear)
muk1ko8,LABEL_1,not sarcastic,0.16871047,0.74649596,0.0847936,0.0024760196,neutral
mukd0ni,LABEL_1,not sarcastic,0.02269058,0.97228074,0.0050286814,0.0049095084,positive
mujhjy2,LABEL_1,sarcastic,0.001545557,0.9944358,0.004018541,0.96233714,neutral (sarcastic unclear)
mujnu6g,LABEL_1,not sarcastic,0.0007616168,0.9935806,0.005657808,0.0011900687,neutral
mujisg8,LABEL_1,sarcastic,0.02667459,0.96566755,0.007657852,0.9978009,neutral (sarcastic unclear)
mujibgh,LABEL_1,not sarcastic,0.28049132,0.7067054,0.012803238,0.0011687886,neutral
mujqyvw,LABEL_1,sarcastic,0.0018846056,0.986126,0.011989329,0.9911193,neutral (sarcastic unclear)
mukjkuy,LABEL_1,not sarcastic,0.0011102026,0.9945412,0.0043486217,0.0011629727,neutral
mujps4b,LABEL_1,not sarcastic,0.23950051,0.74230456,0.018194964,0.4342965,neutral
mujhr7d,LABEL_1,not sarcastic,0.0011040983,0.9947443,0.0041516293,0.0008701933,neutral
muey9g8,LABEL_1,sarcastic,0.0015287909,0.9944073,0.004063826,0.9590832,neutral (sarcastic unclear)
muezfci,LABEL_1,not sarcastic,0.0024678772,0.9923977,0.0051343604,0.00783814,neutral
mueys9m,LABEL_1,not sarcastic,0.003582587,0.98413867,0.012278742,0.018746264,neutral
muez5q4,LABEL_2,not sarcastic,0.003451753,0.36241072,0.6341376,0.00075499975,neutral
muez4k1,LABEL_0,not sarcastic,0.48250628,0.45037985,0.06711394,0.0024961699,neutral
muf0vcb,LABEL_1,not sarcastic,0.0018535847,0.9950051,0.0031413168,0.009980658,negative
mucama1,LABEL_1,sarcastic,0.0014975201,0.99449205,0.0040103947,0.93179494,neutral (sarcastic unclear)
mucc9gj,LABEL_1,not sarcastic,0.00095723313,0.99608624,0.0029565722,0.0020577172,positive
mucca6p,LABEL_1,not sarcastic,0.0023140563,0.5234096,0.47427633,0.0018160318,positive
muclawd,LABEL_1,not sarcastic,0.0045191958,0.9924176,0.0030633209,0.0009594195,neutral
muckde3,LABEL_1,not sarcastic,0.0025802413,0.99461573,0.0028040137,0.000579356,neutral
mudqw3n,LABEL_0,not sarcastic,0.87823963,0.11365698,0.008103347,0.0012132637,positive
mucef31,LABEL_1,not sarcastic,0.0029131577,0.9876604,0.009426393,0.0027175727,neutral
mucam10,LABEL_1,not sarcastic,0.0020545209,0.9952668,0.002678632,0.0013399847,neutral
mu2s3oq,LABEL_1,sarcastic,0.0015228799,0.99441814,0.004058921,0.96073407,neutral (sarcastic unclear)
mu2u3qw,LABEL_1,sarcastic,0.08873708,0.8928177,0.018445205,0.9993692,neutral (sarcastic unclear)
mu2sosz,LABEL_1,sarcastic,0.0024194024,0.8176487,0.17993183,0.98777825,neutral (sarcastic unclear)
mu2tfai,LABEL_1,sarcastic,0.06318715,0.92759806,0.009214777,0.99808925,neutral (sarcastic unclear)
mu2viaj,LABEL_1,not sarcastic,0.0015889974,0.9947207,0.003690283,0.001009146,neutral
mu2ufa7,LABEL_1,not sarcastic,0.00089739234,0.96102273,0.038079906,0.00064625684,neutral
mu2zgvu,LABEL_1,not sarcastic,0.003481419,0.96013933,0.036379218,0.0022965,neutral
mu1fkn3,LABEL_1,sarcastic,0.001561705,0.99439853,0.0040397714,0.96468526,neutral (sarcastic unclear)
mu1gqus,LABEL_1,not sarcastic,0.0038236848,0.9931566,0.0030197024,0.0015978212,neutral
mu1pqg1,LABEL_0,not sarcastic,0.9525083,0.041899633,0.0055920784,0.13482013,negative
mu1jx1x,LABEL_1,not sarcastic,0.0010763305,0.99516356,0.003760114,0.001940976,neutral
mu1hkdt,LABEL_1,not sarcastic,0.0023890242,0.9928935,0.004717467,0.0068936716,neutral
mu1kdtl,LABEL_0,not sarcastic,0.94226813,0.05123404,0.00649776,0.0013084387,negative
mtv9rk8,LABEL_1,sarcastic,0.0015062917,0.9945253,0.003968465,0.9534832,neutral (sarcastic unclear)
mtvzmz5,LABEL_1,not sarcastic,0.0009818469,0.99542135,0.0035968097,0.0017968692,neutral (sarcastic unclear)
mtvb7nf,LABEL_1,not sarcastic,0.16459998,0.82835615,0.0070438334,0.0022692387,neutral
mtwl4zp,LABEL_0,not sarcastic,0.61144656,0.37808233,0.010471156,0.00068432366,neutral
mtvh8py,LABEL_0,not sarcastic,0.89709806,0.0903872,0.012514731,0.043723777,neutral
mtvgkjh,LABEL_2,not sarcastic,0.0014279728,0.021180721,0.97739124,0.014212908,neutral
mtvaovg,LABEL_1,not sarcastic,0.014083815,0.878369,0.10754732,0.0039754766,positive
mtu7wc6,LABEL_1,sarcastic,0.0015688022,0.9943895,0.0040418115,0.9738849,neutral (sarcastic unclear)
mtua28m,LABEL_1,not sarcastic,0.001958664,0.99278307,0.005258249,0.007898671,neutral
mtugrre,LABEL_1,not sarcastic,0.0012682928,0.92529523,0.073436454,0.02121655,neutral
mtuw8qw,LABEL_1,not sarcastic,0.00107828,0.9951208,0.003800778,0.0008916342,neutral
mtjmt9z,LABEL_1,sarcastic,0.0015425553,0.9944078,0.004049597,0.9691254,neutral (sarcastic unclear)
mtjnwid,LABEL_1,not sarcastic,0.003787766,0.928159,0.068053335,0.0009493808,neutral
mtk1v16,LABEL_1,sarcastic,0.005812193,0.9879903,0.0061974907,0.999331,neutral (sarcastic unclear)
mtnfoa2,LABEL_0,not sarcastic,0.64636934,0.339327,0.014303609,0.08756579,neutral
mtj8oji,LABEL_1,sarcastic,0.0015255071,0.9944635,0.004010974,0.95882845,neutral (sarcastic unclear)
mtjnhgf,LABEL_1,not sarcastic,0.0011106891,0.9956131,0.003276218,0.0027490335,neutral
mtjxdxe,LABEL_2,not sarcastic,0.002586385,0.13521813,0.86219543,0.00044063147,neutral
mtm286v,LABEL_1,not sarcastic,0.0017825774,0.99255836,0.0056591225,0.015459388,neutral
mtma3jn,LABEL_2,not sarcastic,0.0014296368,0.00854656,0.9900238,0.0017481153,neutral
mtfds36,LABEL_1,sarcastic,0.00153736,0.9943988,0.0040637874,0.96099013,neutral (sarcastic unclear)
mtfkgt5,LABEL_0,sarcastic,0.9498199,0.041788887,0.008391193,0.99933845,neutral (sarcastic unclear)
mtfjy1g,LABEL_1,not sarcastic,0.009642585,0.98532087,0.0050365785,0.0007447873,neutral
mtfebx0,LABEL_1,not sarcastic,0.0033933718,0.9921394,0.0044672764,0.00085565314,positive
mtffd1b,LABEL_1,not sarcastic,0.014205074,0.9827995,0.002995514,0.0024084526,neutral
mtfeki9,LABEL_1,not sarcastic,0.055135243,0.93638647,0.008478341,0.00092759356,neutral
mtffn43,LABEL_1,not sarcastic,0.0012271965,0.97346014,0.025312632,0.00046937948,positive
mtc4itm,LABEL_1,sarcastic,0.001524096,0.99449253,0.003983425,0.944147,neutral (sarcastic unclear)
mtc4xgp,LABEL_1,not sarcastic,0.21355128,0.7649059,0.021542707,0.0015284292,neutral
mtc4sl0,LABEL_1,not sarcastic,0.20746754,0.7657762,0.026756179,0.0008070724,neutral
mtc5f0p,LABEL_0,not sarcastic,0.48632526,0.4745252,0.039149426,0.0019950774,neutral
mtc5hhl,LABEL_1,sarcastic,0.18151818,0.79330426,0.02517754,0.93410933,neutral (sarcastic unclear)
mtcdf1p,LABEL_1,not sarcastic,0.003775465,0.98912245,0.007102144,0.30279106,negative
mtc4rsh,LABEL_1,not sarcastic,0.0012410637,0.99361116,0.0051477687,0.0015381055,neutral
mtamxiy,LABEL_1,sarcastic,0.0015383739,0.99442047,0.0040412014,0.9533262,neutral (sarcastic unclear)
mtaqyi0,LABEL_1,sarcastic,0.0063156243,0.97368866,0.01999572,0.99912316,neutral (sarcastic unclear)
mtarnxq,LABEL_1,not sarcastic,0.00097261945,0.99572206,0.0033052429,0.0008464238,neutral
mt3jm2p,LABEL_1,sarcastic,0.0015180872,0.9944317,0.0040502716,0.9559246,neutral (sarcastic unclear)
mt3jqnv,LABEL_0,not sarcastic,0.8559635,0.13717836,0.006858099,0.0017701724,positive
mt3kvnm,LABEL_1,not sarcastic,0.0007545031,0.99120516,0.008040401,0.0008253401,positive
mt3jx9e,LABEL_1,not sarcastic,0.2717707,0.7193311,0.008898314,0.0014393944,negative
mt3kroe,LABEL_1,not sarcastic,0.0013817558,0.99545467,0.0031635226,0.0012143297,negative
mt3khht,LABEL_1,sarcastic,0.0017819039,0.99462575,0.0035923433,0.99945825,neutral (sarcastic unclear)
mt3mpk1,LABEL_1,sarcastic,0.0017635098,0.9933476,0.004888992,0.99951017,neutral (sarcastic unclear)
msxsmp5,LABEL_1,sarcastic,0.0015299425,0.9944007,0.0040693916,0.96943,neutral (sarcastic unclear)
msxv12c,LABEL_1,not sarcastic,0.0011551587,0.9959663,0.0028785835,0.0008276272,neutral
msxsvzm,LABEL_1,not sarcastic,0.0013170361,0.9953668,0.0033161065,0.0047094696,positive (sarcastic bullish)
msxxpft,LABEL_1,not sarcastic,0.0027966453,0.9943547,0.002848621,0.0005930917,neutral
msyt8r4,LABEL_1,not sarcastic,0.0035908113,0.95217973,0.044229496,0.0016696665,neutral
msxt91o,LABEL_0,not sarcastic,0.983487,0.012362087,0.004150932,0.00061269995,neutral
msng3fp,LABEL_1,sarcastic,0.0015221483,0.99441916,0.0040587625,0.95013714,neutral (sarcastic unclear)
msngof0,LABEL_1,not sarcastic,0.0027413818,0.9913986,0.0058600553,0.012205694,neutral
msnkka8,LABEL_1,not sarcastic,0.00843895,0.9820061,0.009555004,0.0010452752,neutral
mso31du,LABEL_1,not sarcastic,0.0012376378,0.9723698,0.026392557,0.17260803,neutral
msngtat,LABEL_1,not sarcastic,0.030321041,0.8958493,0.07382974,0.003360326,neutral
msnzdtc,LABEL_1,not sarcastic,0.0027991063,0.9912788,0.00592209,0.0064345105,neutral
msnl3py,LABEL_2,not sarcastic,0.007945964,0.11661347,0.87544054,0.0038679834,neutral
msnl5u4,LABEL_1,not sarcastic,0.0020271456,0.9913932,0.006579654,0.0052214237,neutral
msai9yh,LABEL_1,sarcastic,0.0015436909,0.99442977,0.0040264633,0.96252525,neutral (sarcastic unclear)
msaip91,LABEL_0,not sarcastic,0.7849536,0.20804933,0.0069971685,0.0009020929,negative
msamvbv,LABEL_1,not sarcastic,0.0029880155,0.9911221,0.005889846,0.010347852,neutral
msaimn8,LABEL_1,not sarcastic,0.0020204422,0.99145585,0.006523697,0.0053435676,neutral
msaj3l3,LABEL_1,not sarcastic,0.0014183893,0.9944014,0.004180244,0.0020961673,neutral
msaqce2,LABEL_1,not sarcastic,0.0028040565,0.99144125,0.0057547414,0.020840364,neutral
msbl4fm,LABEL_1,not sarcastic,0.0019144946,0.99398583,0.004099714,0.0006518606,neutral
ms7uui5,LABEL_1,sarcastic,0.0015423697,0.99439585,0.0040618246,0.96983993,neutral (sarcastic unclear)
ms80xw9,LABEL_1,not sarcastic,0.40350747,0.5849916,0.011500934,0.0010351869,positive
ms7itfc,LABEL_1,sarcastic,0.001537603,0.9943843,0.0040781084,0.9706284,neutral (sarcastic unclear)
ms7ooj0,LABEL_1,not sarcastic,0.0024757504,0.9893209,0.00820337,0.0023031794,neutral
ms7unis,LABEL_2,sarcastic,0.002400903,0.12751657,0.8700825,0.9727985,neutral (sarcastic unclear)
ms9hd5i,LABEL_1,not sarcastic,0.0019557823,0.92662966,0.07141453,0.0023367137,neutral
ms76g51,LABEL_1,sarcastic,0.0014899902,0.99458474,0.003925232,0.9333586,neutral (sarcastic unclear)
ms7afj7,LABEL_1,not sarcastic,0.0008537355,0.9870199,0.012126301,0.0071228077,neutral
ms7iamh,LABEL_1,not sarcastic,0.3580909,0.61950713,0.022401964,0.0010996435,neutral
ms7d084,LABEL_1,not sarcastic,0.0014216091,0.99549735,0.0030810377,0.0023701817,neutral
ms85wdq,LABEL_1,not sarcastic,0.40924326,0.5826853,0.008071501,0.0005890592,neutral
ms5levw,LABEL_1,sarcastic,0.001520745,0.99442035,0.0040588425,0.9653406,neutral (sarcastic unclear)
ms5pwz4,LABEL_2,not sarcastic,0.0049980083,0.06434397,0.93065804,0.006552003,positive
ms5pr7d,LABEL_0,not sarcastic,0.9254282,0.06659179,0.00798001,0.004916003,neutral
ms5ra1z,LABEL_2,not sarcastic,0.00086002075,0.01618192,0.982958,0.0005933026,negative
ms56szf,LABEL_1,sarcastic,0.0016249666,0.99451184,0.0038631987,0.9728908,neutral (sarcastic unclear)
ms587bp,LABEL_0,not sarcastic,0.73378664,0.23364434,0.032569002,0.0075760502,neutral
ms5bg5h,LABEL_1,not sarcastic,0.004265916,0.9907114,0.0050226464,0.0009660619,neutral
ms5gq1u,LABEL_1,not sarcastic,0.0010449181,0.9938747,0.005080414,0.0008347116,neutral
ms5ct3s,LABEL_2,sarcastic,0.0024054165,0.07947563,0.91811895,0.92368025,neutral (sarcastic unclear)
ms5pc4u,LABEL_1,not sarcastic,0.0027061917,0.99466276,0.0026310622,0.0010444277,neutral
ms5m7hi,LABEL_1,not sarcastic,0.0052161636,0.9911349,0.0036489188,0.0019736954,neutral
ms6a1r5,LABEL_0,not sarcastic,0.81254727,0.17366338,0.013789347,0.00082786934,neutral (sarcastic unclear)
ms6xexm,LABEL_1,not sarcastic,0.0060293665,0.98246187,0.01150879,0.0013151942,neutral
ms3kv8s,LABEL_1,sarcastic,0.0015379201,0.9944224,0.0040397006,0.9535284,neutral (sarcastic unclear)
ms3s141,LABEL_1,not sarcastic,0.002660171,0.9929636,0.0043762913,0.001103448,neutral
ms4tdap,LABEL_1,not sarcastic,0.12065673,0.87158084,0.0077623683,0.030831581,neutral
ms4wpek,LABEL_1,not sarcastic,0.085296534,0.89915824,0.015545168,0.0013616463,neutral
ms4k3ns,LABEL_1,not sarcastic,0.0012053233,0.92554134,0.073253326,0.0084652165,positive
ms5m65w,LABEL_1,not sarcastic,0.002134853,0.99180764,0.006057562,0.010753353,negative
ms7axku,LABEL_1,not sarcastic,0.004419124,0.9915569,0.0040240134,0.0007785711,negative
ms3m3zz,LABEL_0,not sarcastic,0.78925866,0.20291105,0.007830285,0.0008421755,positive
ms3scrr,LABEL_1,not sarcastic,0.12970586,0.8568115,0.013482648,0.0009234506,neutral
ms02l0s,LABEL_1,sarcastic,0.0016336399,0.99449134,0.003874967,0.973308,neutral (sarcastic unclear)
